Chr	Pos	Topology	Score
1	0	limborgii+paralekta	393.051
1	100000	limborgii+paralekta	433.411
1	200000	limborgii+paralekta	529.562
1	300000	limborgii+paralekta	396.113
1	400000	limborgii+paralekta	431.66
1	500000	limborgii+paralekta	423.823
1	600000	limborgii+paralekta	421.834
1	700000	limborgii+paralekta	633.802
1	800000	limborgii+paralekta	662.566
1	900000	limborgii+paralekta	976.656
1	1000000	limborgii+paralekta	985.676
1	1100000	limborgii+paralekta	833.336
1	1200000	limborgii+paralekta	895.596
1	1300000	limborgii+paralekta	562.55
1	1400000	limborgii+paralekta	507.799
1	1500000	limborgii+paralekta	650.093
1	1600000	limborgii+paralekta	831.778
1	1700000	limborgii+paralekta	668.42
1	1800000	limborgii+paralekta	947.204
1	1900000	limborgii+paralekta	648.636
1	2000000	limborgii+paralekta	527.548
1	2100000	limborgii+paralekta	531.787
1	2200000	limborgii+paralekta	648.312
1	2300000	limborgii+paralekta	511.165
1	2400000	limborgii+paralekta	482.11
1	2500000	limborgii+paralekta	708.547
1	2600000	limborgii+paralekta	510.08
1	2700000	limborgii+paralekta	415.772
1	2800000	limborgii+paralekta	527.424
1	2900000	limborgii+paralekta	468.188
2	0	limborgii+paralekta	700.836
2	100000	limborgii+paralekta	501.753
2	200000	limborgii+paralekta	483.645
2	300000	limborgii+paralekta	302.517
2	400000	limborgii+paralekta	285.807
2	500000	limborgii+paralekta	623.499
2	600000	limborgii+paralekta	627.497
2	700000	limborgii+paralekta	529.043
2	800000	limborgii+paralekta	578.399
2	900000	limborgii+paralekta	644.158
2	1000000	limborgii+paralekta	776.798
2	1100000	limborgii+paralekta	592.947
2	1200000	limborgii+paralekta	810.794
2	1300000	limborgii+paralekta	959.134
2	1400000	limborgii+paralekta	763.288
2	1500000	limborgii+paralekta	664.517
2	1600000	limborgii+paralekta	707.219
2	1700000	limborgii+paralekta	672.792
2	1800000	limborgii+paralekta	794.635
2	1900000	limborgii+paralekta	998.869
2	2000000	limborgii+paralekta	777.901
2	2100000	limborgii+paralekta	862.384
2	2200000	limborgii+paralekta	604.618
2	2300000	limborgii+paralekta	694.59
2	2400000	limborgii+paralekta	550.244
2	2500000	limborgii+paralekta	384.482
2	2600000	limborgii+paralekta	484.483
2	2700000	limborgii+paralekta	517.74
2	2800000	limborgii+paralekta	533.136
2	2900000	limborgii+paralekta	581.354
2	3000000	limborgii+paralekta	504.485
3	0	limborgii+paralekta	281.298
3	100000	limborgii+paralekta	251.805
3	200000	limborgii+paralekta	339.987
3	300000	limborgii+paralekta	242.221
3	400000	limborgii+paralekta	281.161
3	500000	limborgii+paralekta	269.105
3	600000	limborgii+paralekta	244.699
3	700000	limborgii+paralekta	412.042
3	800000	limborgii+paralekta	213.027
4	0	limborgii+paralekta	219.112
4	100000	limborgii+paralekta	344.574
4	200000	limborgii+paralekta	320.886
4	300000	limborgii+paralekta	364.815
4	400000	limborgii+paralekta	369.798
4	500000	limborgii+paralekta	523.33
4	600000	limborgii+paralekta	305.157
4	700000	limborgii+paralekta	452.131
4	800000	limborgii+paralekta	419.019
4	900000	limborgii+paralekta	312.643
4	1000000	limborgii+paralekta	350.636
4	1100000	limborgii+paralekta	307.955
5	0	limborgii+paralekta	500.926
5	100000	limborgii+paralekta	350.267
5	200000	limborgii+paralekta	473.02
5	300000	limborgii+paralekta	398.989
5	400000	limborgii+paralekta	517.852
5	500000	limborgii+paralekta	501.589
5	600000	limborgii+paralekta	600.533
5	700000	limborgii+paralekta	615.488
5	800000	limborgii+paralekta	756.683
5	900000	limborgii+paralekta	630.526
5	1000000	limborgii+paralekta	656.617
5	1100000	limborgii+paralekta	503.076
5	1200000	limborgii+paralekta	677.747
5	1300000	limborgii+paralekta	592.261
5	1400000	limborgii+paralekta	404.146
5	1500000	limborgii+paralekta	440.781
5	1600000	limborgii+paralekta	604.009
5	1700000	limborgii+paralekta	657.317
5	1800000	limborgii+paralekta	542.474
5	1900000	limborgii+paralekta	466.669
5	2000000	limborgii+paralekta	400.178
5	2100000	limborgii+paralekta	544.011
5	2200000	limborgii+paralekta	499.274
5	2300000	limborgii+paralekta	523.409
6	0	limborgii+paralekta	480.961
6	100000	limborgii+paralekta	459.325
6	200000	limborgii+paralekta	579.766
6	300000	limborgii+paralekta	486.476
6	400000	limborgii+paralekta	412.05
6	500000	limborgii+paralekta	494.099
6	600000	limborgii+paralekta	609.979
6	700000	limborgii+paralekta	622.016
6	800000	limborgii+paralekta	580.468
6	900000	limborgii+paralekta	832.669
6	1000000	limborgii+paralekta	730.449
6	1100000	limborgii+paralekta	1052.41
6	1200000	limborgii+paralekta	615.657
6	1300000	limborgii+paralekta	794.218
6	1400000	limborgii+paralekta	743.444
6	1500000	limborgii+paralekta	676.18
6	1600000	limborgii+paralekta	873.739
6	1700000	limborgii+paralekta	584.827
6	1800000	limborgii+paralekta	679.145
6	1900000	limborgii+paralekta	447.778
6	2000000	limborgii+paralekta	458.659
6	2100000	limborgii+paralekta	412.721
6	2200000	limborgii+paralekta	470.325
6	2300000	limborgii+paralekta	665.742
6	2400000	limborgii+paralekta	433.092
6	2500000	limborgii+paralekta	480.887
7	0	limborgii+paralekta	305.983
7	100000	limborgii+paralekta	487.242
7	200000	limborgii+paralekta	660.076
7	300000	limborgii+paralekta	505.923
7	400000	limborgii+paralekta	517.333
7	500000	limborgii+paralekta	404.417
7	600000	limborgii+paralekta	560.944
7	700000	limborgii+paralekta	530.835
7	800000	limborgii+paralekta	430.234
7	900000	limborgii+paralekta	529.8
7	1000000	limborgii+paralekta	670.489
7	1100000	limborgii+paralekta	840.649
7	1200000	limborgii+paralekta	846.317
7	1300000	limborgii+paralekta	928.615
7	1400000	limborgii+paralekta	752.217
7	1500000	limborgii+paralekta	795.824
7	1600000	limborgii+paralekta	849.766
7	1700000	limborgii+paralekta	554.184
7	1800000	limborgii+paralekta	594.087
7	1900000	limborgii+paralekta	371.435
7	2000000	limborgii+paralekta	638.873
7	2100000	limborgii+paralekta	515.044
7	2200000	limborgii+paralekta	553.78
7	2300000	limborgii+paralekta	497.558
7	2400000	limborgii+paralekta	554.665
7	2500000	limborgii+paralekta	400.892
8	0	limborgii+paralekta	433.694
8	100000	limborgii+paralekta	552.85
8	200000	limborgii+paralekta	352.814
8	300000	limborgii+paralekta	473.497
8	400000	limborgii+paralekta	468.931
8	500000	limborgii+paralekta	565.797
8	600000	limborgii+paralekta	609.742
8	700000	limborgii+paralekta	817.282
8	800000	limborgii+paralekta	717.223
8	900000	limborgii+paralekta	724.221
8	1000000	limborgii+paralekta	720.037
8	1100000	limborgii+paralekta	724.147
8	1200000	limborgii+paralekta	934.928
8	1300000	limborgii+paralekta	862.735
8	1400000	limborgii+paralekta	1007.84
8	1500000	limborgii+paralekta	853.225
8	1600000	limborgii+paralekta	909.183
8	1700000	limborgii+paralekta	645.039
8	1800000	limborgii+paralekta	629.062
8	1900000	limborgii+paralekta	709.594
8	2000000	limborgii+paralekta	782.332
8	2100000	limborgii+paralekta	502.859
8	2200000	limborgii+paralekta	574.622
8	2300000	limborgii+paralekta	610.697
8	2400000	limborgii+paralekta	421.588
8	2500000	limborgii+paralekta	458.922
8	2600000	limborgii+paralekta	492.35
8	2700000	limborgii+paralekta	418.269
8	2800000	limborgii+paralekta	542.41
9	0	limborgii+paralekta	455.058
9	100000	limborgii+paralekta	306.213
9	200000	limborgii+paralekta	398.757
9	300000	limborgii+paralekta	454.955
9	400000	limborgii+paralekta	551.927
9	500000	limborgii+paralekta	531.568
9	600000	limborgii+paralekta	390.57
9	700000	limborgii+paralekta	515.197
9	800000	limborgii+paralekta	474.123
9	900000	limborgii+paralekta	483.971
9	1000000	limborgii+paralekta	430.751
9	1100000	limborgii+paralekta	376.511
9	1200000	limborgii+paralekta	420.324
9	1300000	limborgii+paralekta	630.731
9	1400000	limborgii+paralekta	439.649
9	1500000	limborgii+paralekta	486.678
9	1600000	limborgii+paralekta	356.14
9	1700000	limborgii+paralekta	423.423
10	0	limborgii+paralekta	367.651
10	100000	limborgii+paralekta	279.088
10	200000	limborgii+paralekta	300.382
10	300000	limborgii+paralekta	323.206
10	400000	limborgii+paralekta	460.113
10	500000	limborgii+paralekta	448.171
10	600000	limborgii+paralekta	393.989
10	700000	limborgii+paralekta	590.235
10	800000	limborgii+paralekta	402.072
10	900000	limborgii+paralekta	482.991
10	1000000	limborgii+paralekta	401.074
10	1100000	limborgii+paralekta	715.938
10	1200000	limborgii+paralekta	637.074
10	1300000	limborgii+paralekta	792.838
10	1400000	limborgii+paralekta	510.223
10	1500000	limborgii+paralekta	577.72
10	1600000	limborgii+paralekta	524.099
10	1700000	limborgii+paralekta	504.736
10	1800000	limborgii+paralekta	373.062
10	1900000	limborgii+paralekta	508.637
10	2000000	limborgii+paralekta	362.269
11	0	limborgii+paralekta	347.142
11	100000	limborgii+paralekta	496.12
11	200000	limborgii+paralekta	397.029
11	300000	limborgii+paralekta	524.637
11	400000	limborgii+paralekta	542.738
11	500000	limborgii+paralekta	499.802
11	600000	limborgii+paralekta	542.037
11	700000	limborgii+paralekta	452.873
11	800000	limborgii+paralekta	745.783
11	900000	limborgii+paralekta	645.825
11	1000000	limborgii+paralekta	682.472
11	1100000	limborgii+paralekta	1102.61
11	1200000	limborgii+paralekta	759.537
11	1300000	limborgii+paralekta	617.858
11	1400000	limborgii+paralekta	749.499
11	1500000	limborgii+paralekta	677.287
11	1600000	limborgii+paralekta	679.22
11	1700000	limborgii+paralekta	652.856
11	1800000	limborgii+paralekta	596.612
11	1900000	limborgii+paralekta	579.151
11	2000000	limborgii+paralekta	513.112
11	2100000	limborgii+paralekta	648.518
11	2200000	limborgii+paralekta	471.529
11	2300000	limborgii+paralekta	497.202
11	2400000	limborgii+paralekta	390.297
11	2500000	limborgii+paralekta	495.504
11	2600000	limborgii+paralekta	440.949
11	2700000	limborgii+paralekta	633.014
11	2800000	limborgii+paralekta	450.455
12	0	limborgii+paralekta	481.291
12	100000	limborgii+paralekta	486.661
12	200000	limborgii+paralekta	540.715
12	300000	limborgii+paralekta	433.719
12	400000	limborgii+paralekta	598.113
12	500000	limborgii+paralekta	654.273
12	600000	limborgii+paralekta	663.285
12	700000	limborgii+paralekta	404.093
12	800000	limborgii+paralekta	639.212
12	900000	limborgii+paralekta	861.953
12	1000000	limborgii+paralekta	879.321
12	1100000	limborgii+paralekta	797.177
12	1200000	limborgii+paralekta	686.154
12	1300000	limborgii+paralekta	566.962
12	1400000	limborgii+paralekta	796.68
12	1500000	limborgii+paralekta	523.225
12	1600000	limborgii+paralekta	529.378
12	1700000	limborgii+paralekta	627.796
12	1800000	limborgii+paralekta	697.756
12	1900000	limborgii+paralekta	681.785
12	2000000	limborgii+paralekta	658.588
12	2100000	limborgii+paralekta	529.357
12	2200000	limborgii+paralekta	525.242
12	2300000	limborgii+paralekta	431.324
12	2400000	limborgii+paralekta	544.701
12	2500000	limborgii+paralekta	505.241
12	2600000	limborgii+paralekta	498.466
12	2700000	limborgii+paralekta	502.467
13	0	limborgii+paralekta	407.488
13	100000	limborgii+paralekta	440.275
13	200000	limborgii+paralekta	559.024
13	300000	limborgii+paralekta	696.304
13	400000	limborgii+paralekta	654.15
13	500000	limborgii+paralekta	577.539
13	600000	limborgii+paralekta	691.676
13	700000	limborgii+paralekta	935.991
13	800000	limborgii+paralekta	632.75
13	900000	limborgii+paralekta	874.885
13	1000000	limborgii+paralekta	900.053
13	1100000	limborgii+paralekta	708.842
13	1200000	limborgii+paralekta	938.138
13	1300000	limborgii+paralekta	688.098
13	1400000	limborgii+paralekta	969.056
13	1500000	limborgii+paralekta	963.907
13	1600000	limborgii+paralekta	654.252
13	1700000	limborgii+paralekta	741.485
13	1800000	limborgii+paralekta	839.189
13	1900000	limborgii+paralekta	712.597
13	2000000	limborgii+paralekta	624.283
13	2100000	limborgii+paralekta	641.152
13	2200000	limborgii+paralekta	674.45
13	2300000	limborgii+paralekta	646.155
13	2400000	limborgii+paralekta	540.367
13	2500000	limborgii+paralekta	419.82
13	2600000	limborgii+paralekta	646.97
13	2700000	limborgii+paralekta	375.09
13	2800000	limborgii+paralekta	353.057
13	2900000	limborgii+paralekta	557.015
13	3000000	limborgii+paralekta	521.917
13	3100000	limborgii+paralekta	452.888
14	0	limborgii+paralekta	480.666
14	100000	limborgii+paralekta	515.084
14	200000	limborgii+paralekta	350.874
14	300000	limborgii+paralekta	425.683
14	400000	limborgii+paralekta	514.316
14	500000	limborgii+paralekta	413.27
14	600000	limborgii+paralekta	417.18
14	700000	limborgii+paralekta	444.47
14	800000	limborgii+paralekta	829.104
14	900000	limborgii+paralekta	839.231
14	1000000	limborgii+paralekta	1107.69
14	1100000	limborgii+paralekta	1044.88
14	1200000	limborgii+paralekta	769.309
14	1300000	limborgii+paralekta	810.401
14	1400000	limborgii+paralekta	831.642
14	1500000	limborgii+paralekta	717.168
14	1600000	limborgii+paralekta	752.434
14	1700000	limborgii+paralekta	870.641
14	1800000	limborgii+paralekta	753.972
14	1900000	limborgii+paralekta	737.324
14	2000000	limborgii+paralekta	502.859
14	2100000	limborgii+paralekta	415.399
14	2200000	limborgii+paralekta	534.062
14	2300000	limborgii+paralekta	555.123
14	2400000	limborgii+paralekta	541.927
14	2500000	limborgii+paralekta	527.665
14	2600000	limborgii+paralekta	522.419
15	0	limborgii+paralekta	435.974
15	100000	limborgii+paralekta	645.313
15	200000	limborgii+paralekta	489.09
15	300000	limborgii+paralekta	622.717
15	400000	limborgii+paralekta	595.008
15	500000	limborgii+paralekta	538.302
15	600000	limborgii+paralekta	489.574
15	700000	limborgii+paralekta	547.393
15	800000	limborgii+paralekta	786.342
15	900000	limborgii+paralekta	676.921
15	1000000	limborgii+paralekta	802.533
15	1100000	limborgii+paralekta	951.585
15	1200000	limborgii+paralekta	941.934
15	1300000	limborgii+paralekta	962.423
15	1400000	limborgii+paralekta	631.636
15	1500000	limborgii+paralekta	701.739
15	1600000	limborgii+paralekta	681.818
15	1700000	limborgii+paralekta	933.475
15	1800000	limborgii+paralekta	774.029
15	1900000	limborgii+paralekta	706.112
15	2000000	limborgii+paralekta	727.602
15	2100000	limborgii+paralekta	860.385
15	2200000	limborgii+paralekta	824.636
15	2300000	limborgii+paralekta	729.364
15	2400000	limborgii+paralekta	725.586
15	2500000	limborgii+paralekta	340.962
15	2600000	limborgii+paralekta	521.836
15	2700000	limborgii+paralekta	482.255
15	2800000	limborgii+paralekta	581.429
15	2900000	limborgii+paralekta	406.78
15	3000000	limborgii+paralekta	396.909
15	3100000	limborgii+paralekta	269.987
15	3200000	limborgii+paralekta	300.132
15	3300000	limborgii+paralekta	482.255
16	0	limborgii+paralekta	317.827
16	100000	limborgii+paralekta	485.266
16	200000	limborgii+paralekta	441.279
16	300000	limborgii+paralekta	453.043
16	400000	limborgii+paralekta	446.171
16	500000	limborgii+paralekta	454.589
16	600000	limborgii+paralekta	398.163
16	700000	limborgii+paralekta	556.883
16	800000	limborgii+paralekta	679.537
16	900000	limborgii+paralekta	508.081
16	1000000	limborgii+paralekta	773.893
16	1100000	limborgii+paralekta	841.82
16	1200000	limborgii+paralekta	564.1
16	1300000	limborgii+paralekta	535.61
16	1400000	limborgii+paralekta	531.612
16	1500000	limborgii+paralekta	720.062
16	1600000	limborgii+paralekta	541.028
16	1700000	limborgii+paralekta	820.047
16	1800000	limborgii+paralekta	640.521
16	1900000	limborgii+paralekta	901.546
16	2000000	limborgii+paralekta	449.703
16	2100000	limborgii+paralekta	451.514
16	2200000	limborgii+paralekta	643.268
16	2300000	limborgii+paralekta	476.47
16	2400000	limborgii+paralekta	585.626
16	2500000	limborgii+paralekta	674.521
16	2600000	limborgii+paralekta	650.825
16	2700000	limborgii+paralekta	456.297
16	2800000	limborgii+paralekta	441.546
17	0	limborgii+paralekta	354.191
17	100000	limborgii+paralekta	395.234
17	200000	limborgii+paralekta	449.379
17	300000	limborgii+paralekta	457.453
17	400000	limborgii+paralekta	653.919
17	500000	limborgii+paralekta	508.918
17	600000	limborgii+paralekta	465.837
17	700000	limborgii+paralekta	647.796
17	800000	limborgii+paralekta	631.202
17	900000	limborgii+paralekta	611.181
17	1000000	limborgii+paralekta	937.641
17	1100000	limborgii+paralekta	662.335
17	1200000	limborgii+paralekta	775.55
17	1300000	limborgii+paralekta	613.342
17	1400000	limborgii+paralekta	750.519
17	1500000	limborgii+paralekta	720.428
17	1600000	limborgii+paralekta	627.006
17	1700000	limborgii+paralekta	830.345
17	1800000	limborgii+paralekta	755.893
17	1900000	limborgii+paralekta	715.079
17	2000000	limborgii+paralekta	689.33
17	2100000	limborgii+paralekta	613.257
17	2200000	limborgii+paralekta	652.459
17	2300000	limborgii+paralekta	538.833
17	2400000	limborgii+paralekta	589.278
17	2500000	limborgii+paralekta	911.452
17	2600000	limborgii+paralekta	721.549
17	2700000	limborgii+paralekta	594.218
17	2800000	limborgii+paralekta	623.29
17	2900000	limborgii+paralekta	569.323
17	3000000	limborgii+paralekta	387.596
17	3100000	limborgii+paralekta	624.054
17	3200000	limborgii+paralekta	450.294
17	3300000	limborgii+paralekta	441.73
17	3400000	limborgii+paralekta	348.21
18	0	limborgii+paralekta	591.278
18	100000	limborgii+paralekta	524.719
18	200000	limborgii+paralekta	392.418
18	300000	limborgii+paralekta	472.94
18	400000	limborgii+paralekta	417.251
18	500000	limborgii+paralekta	376.717
18	600000	limborgii+paralekta	395.934
18	700000	limborgii+paralekta	428.31
18	800000	limborgii+paralekta	304.957
18	900000	limborgii+paralekta	356.664
18	1000000	limborgii+paralekta	384.505
18	1100000	limborgii+paralekta	480.02
19	0	limborgii+paralekta	360.626
19	100000	limborgii+paralekta	423.181
19	200000	limborgii+paralekta	507.794
19	300000	limborgii+paralekta	407.184
19	400000	limborgii+paralekta	495.355
19	500000	limborgii+paralekta	506.567
19	600000	limborgii+paralekta	460.34
19	700000	limborgii+paralekta	415.105
19	800000	limborgii+paralekta	489.553
19	900000	limborgii+paralekta	475.636
19	1000000	limborgii+paralekta	449.534
19	1100000	limborgii+paralekta	438.898
19	1200000	limborgii+paralekta	484.039
19	1300000	limborgii+paralekta	327.227
20	0	limborgii+paralekta	522.261
20	100000	limborgii+paralekta	437.757
20	200000	limborgii+paralekta	468.654
20	300000	limborgii+paralekta	461.543
20	400000	limborgii+paralekta	455.561
20	500000	limborgii+paralekta	466.549
20	600000	limborgii+paralekta	538.041
20	700000	limborgii+paralekta	563.678
20	800000	limborgii+paralekta	532.738
20	900000	limborgii+paralekta	512.503
20	1000000	limborgii+paralekta	492.506
20	1100000	limborgii+paralekta	572.932
20	1200000	limborgii+paralekta	346.902
20	1300000	limborgii+paralekta	496.634
20	1400000	limborgii+paralekta	391.342
20	1500000	limborgii+paralekta	627.26
20	1600000	limborgii+paralekta	408.53
20	1700000	limborgii+paralekta	339.041
20	1800000	limborgii+paralekta	467.338
20	1900000	limborgii+paralekta	434.37
20	2000000	limborgii+paralekta	342.405
20	2100000	limborgii+paralekta	530.622
20	2200000	limborgii+paralekta	430.424
21	0	limborgii+paralekta	357.406
21	100000	limborgii+paralekta	507.06
21	200000	limborgii+paralekta	567.881
21	300000	limborgii+paralekta	423.037
21	400000	limborgii+paralekta	527.037
21	500000	limborgii+paralekta	410.444
21	600000	limborgii+paralekta	489.444
21	700000	limborgii+paralekta	415.861
21	800000	limborgii+paralekta	857.201
21	900000	limborgii+paralekta	595.24
21	1000000	limborgii+paralekta	724.277
21	1100000	limborgii+paralekta	696.695
21	1200000	limborgii+paralekta	959.911
21	1300000	limborgii+paralekta	685.923
21	1400000	limborgii+paralekta	912.988
21	1500000	limborgii+paralekta	719.159
21	1600000	limborgii+paralekta	592.062
21	1700000	limborgii+paralekta	505.469
21	1800000	limborgii+paralekta	600.71
21	1900000	limborgii+paralekta	519.876
21	2000000	limborgii+paralekta	498.713
21	2100000	limborgii+paralekta	641.154
21	2200000	limborgii+paralekta	582.731
21	2300000	limborgii+paralekta	534.061
21	2400000	limborgii+paralekta	434.447
22	0	limborgii+paralekta	330.126
22	100000	limborgii+paralekta	338.187
22	200000	limborgii+paralekta	413.6
22	300000	limborgii+paralekta	283.254
22	400000	limborgii+paralekta	314.187
22	500000	limborgii+paralekta	272.187
22	600000	limborgii+paralekta	356.195
22	700000	limborgii+paralekta	393.383
22	800000	limborgii+paralekta	509.647
22	900000	limborgii+paralekta	374.218
22	1000000	limborgii+paralekta	496.26
22	1100000	limborgii+paralekta	464.804
22	1200000	limborgii+paralekta	423.932
22	1300000	limborgii+paralekta	466.076
22	1400000	limborgii+paralekta	353.684
22	1500000	limborgii+paralekta	470.377
22	1600000	limborgii+paralekta	571.535
22	1700000	limborgii+paralekta	551.107
22	1800000	limborgii+paralekta	507.18
22	1900000	limborgii+paralekta	490.447
22	2000000	limborgii+paralekta	410.601
22	2100000	limborgii+paralekta	441.597
22	2200000	limborgii+paralekta	387.247
22	2300000	limborgii+paralekta	194.318
22	2400000	limborgii+paralekta	389.557
22	2500000	limborgii+paralekta	224.416
22	2600000	limborgii+paralekta	321.684
22	2700000	limborgii+paralekta	393.138
22	2800000	limborgii+paralekta	424.583
22	2900000	limborgii+paralekta	362.906
22	3000000	limborgii+paralekta	377.122
22	3100000	limborgii+paralekta	292.71
23	0	limborgii+paralekta	630.542
23	100000	limborgii+paralekta	486.389
23	200000	limborgii+paralekta	379.112
23	300000	limborgii+paralekta	439.878
23	400000	limborgii+paralekta	478.351
23	500000	limborgii+paralekta	546.752
23	600000	limborgii+paralekta	505.355
23	700000	limborgii+paralekta	518.327
23	800000	limborgii+paralekta	480.391
23	900000	limborgii+paralekta	701.886
23	1000000	limborgii+paralekta	673.564
23	1100000	limborgii+paralekta	756.992
23	1200000	limborgii+paralekta	651.275
23	1300000	limborgii+paralekta	936.375
23	1400000	limborgii+paralekta	591.653
23	1500000	limborgii+paralekta	869.74
23	1600000	limborgii+paralekta	799.667
23	1700000	limborgii+paralekta	643.873
23	1800000	limborgii+paralekta	444.654
23	1900000	limborgii+paralekta	625.493
23	2000000	limborgii+paralekta	612.958
23	2100000	limborgii+paralekta	617.758
23	2200000	limborgii+paralekta	696.658
23	2300000	limborgii+paralekta	369.364
23	2400000	limborgii+paralekta	465.898
23	2500000	limborgii+paralekta	596.331
23	2600000	limborgii+paralekta	487.65
23	2700000	limborgii+paralekta	523.755
23	2800000	limborgii+paralekta	448.246
23	2900000	limborgii+paralekta	352.224
23	3000000	limborgii+paralekta	404.026
24	0	limborgii+paralekta	493.717
24	100000	limborgii+paralekta	619.233
24	200000	limborgii+paralekta	577.009
24	300000	limborgii+paralekta	497.5
24	400000	limborgii+paralekta	572.184
24	500000	limborgii+paralekta	437.034
24	600000	limborgii+paralekta	492.489
24	700000	limborgii+paralekta	659.985
24	800000	limborgii+paralekta	718.098
24	900000	limborgii+paralekta	839.38
24	1000000	limborgii+paralekta	686.073
24	1100000	limborgii+paralekta	607.255
24	1200000	limborgii+paralekta	568.979
24	1300000	limborgii+paralekta	760.683
24	1400000	limborgii+paralekta	823.698
24	1500000	limborgii+paralekta	756.235
24	1600000	limborgii+paralekta	788.911
24	1700000	limborgii+paralekta	698.863
24	1800000	limborgii+paralekta	694.108
24	1900000	limborgii+paralekta	728.352
24	2000000	limborgii+paralekta	661.15
24	2100000	limborgii+paralekta	434.269
24	2200000	limborgii+paralekta	575.991
24	2300000	limborgii+paralekta	661.382
24	2400000	limborgii+paralekta	570.489
24	2500000	limborgii+paralekta	447.739
24	2600000	limborgii+paralekta	547.631
24	2700000	limborgii+paralekta	502.69
24	2800000	limborgii+paralekta	585.128
24	2900000	limborgii+paralekta	442.414
24	3000000	limborgii+paralekta	357.666
25	0	limborgii+paralekta	360.714
25	100000	limborgii+paralekta	471.073
25	200000	limborgii+paralekta	472.873
25	300000	limborgii+paralekta	600.618
25	400000	limborgii+paralekta	573.877
25	500000	limborgii+paralekta	643.807
25	600000	limborgii+paralekta	631.862
25	700000	limborgii+paralekta	475.904
25	800000	limborgii+paralekta	645.415
25	900000	limborgii+paralekta	618.41
25	1000000	limborgii+paralekta	700.092
25	1100000	limborgii+paralekta	846.544
25	1200000	limborgii+paralekta	818.683
25	1300000	limborgii+paralekta	899.268
25	1400000	limborgii+paralekta	791.512
25	1500000	limborgii+paralekta	696.913
25	1600000	limborgii+paralekta	790.622
25	1700000	limborgii+paralekta	1017.17
25	1800000	limborgii+paralekta	761.53
25	1900000	limborgii+paralekta	858.916
25	2000000	limborgii+paralekta	765.263
25	2100000	limborgii+paralekta	774.907
25	2200000	limborgii+paralekta	586.512
25	2300000	limborgii+paralekta	830.495
25	2400000	limborgii+paralekta	635.679
25	2500000	limborgii+paralekta	692.375
25	2600000	limborgii+paralekta	714.327
25	2700000	limborgii+paralekta	679.547
25	2800000	limborgii+paralekta	510.413
25	2900000	limborgii+paralekta	602.315
25	3000000	limborgii+paralekta	469.388
25	3100000	limborgii+paralekta	516.439
25	3200000	limborgii+paralekta	552.45
26	0	limborgii+paralekta	518.724
26	100000	limborgii+paralekta	484.216
26	200000	limborgii+paralekta	366.476
26	300000	limborgii+paralekta	435.856
26	400000	limborgii+paralekta	488.85
26	500000	limborgii+paralekta	549.323
26	600000	limborgii+paralekta	874.722
26	700000	limborgii+paralekta	909.825
26	800000	limborgii+paralekta	720.026
26	900000	limborgii+paralekta	812.698
26	1000000	limborgii+paralekta	720.15
26	1100000	limborgii+paralekta	786.534
26	1200000	limborgii+paralekta	651.432
26	1300000	limborgii+paralekta	792.298
26	1400000	limborgii+paralekta	770.885
26	1500000	limborgii+paralekta	821.065
26	1600000	limborgii+paralekta	694.8
26	1700000	limborgii+paralekta	874.436
26	1800000	limborgii+paralekta	858.341
26	1900000	limborgii+paralekta	794.004
26	2000000	limborgii+paralekta	645.043
26	2100000	limborgii+paralekta	674.197
26	2200000	limborgii+paralekta	536.894
26	2300000	limborgii+paralekta	728.509
26	2400000	limborgii+paralekta	525.533
26	2500000	limborgii+paralekta	391.466
26	2600000	limborgii+paralekta	401.471
26	2700000	limborgii+paralekta	480.901
26	2800000	limborgii+paralekta	278.43
26	2900000	limborgii+paralekta	428.207
27	0	limborgii+paralekta	450.494
27	100000	limborgii+paralekta	568.038
27	200000	limborgii+paralekta	605.29
27	300000	limborgii+paralekta	594.956
27	400000	limborgii+paralekta	388.416
27	500000	limborgii+paralekta	565.689
27	600000	limborgii+paralekta	653.815
27	700000	limborgii+paralekta	444.403
27	800000	limborgii+paralekta	734.551
27	900000	limborgii+paralekta	867.528
27	1000000	limborgii+paralekta	842.138
27	1100000	limborgii+paralekta	928.872
27	1200000	limborgii+paralekta	1293.52
27	1300000	limborgii+paralekta	901.3
27	1400000	limborgii+paralekta	819.777
27	1500000	limborgii+paralekta	832.587
27	1600000	limborgii+paralekta	844.953
27	1700000	limborgii+paralekta	665.011
27	1800000	limborgii+paralekta	831.502
27	1900000	limborgii+paralekta	675.885
27	2000000	limborgii+paralekta	763.983
27	2100000	limborgii+paralekta	660.59
27	2200000	limborgii+paralekta	671.589
27	2300000	limborgii+paralekta	743.404
27	2400000	limborgii+paralekta	835.367
27	2500000	limborgii+paralekta	670.263
27	2600000	limborgii+paralekta	650.446
27	2700000	limborgii+paralekta	459.868
27	2800000	limborgii+paralekta	523.539
27	2900000	limborgii+paralekta	545.731
27	3000000	limborgii+paralekta	464.997
27	3100000	limborgii+paralekta	561.954
27	3200000	limborgii+paralekta	440.44
27	3300000	limborgii+paralekta	373.946
27	3400000	limborgii+paralekta	361.733
28	0	limborgii+paralekta	464.471
28	100000	limborgii+paralekta	493.972
28	200000	limborgii+paralekta	596.971
28	300000	limborgii+paralekta	377.452
28	400000	limborgii+paralekta	529.62
28	500000	limborgii+paralekta	411.341
28	600000	limborgii+paralekta	387.132
28	700000	limborgii+paralekta	694.814
28	800000	limborgii+paralekta	504.125
28	900000	limborgii+paralekta	471.909
28	1000000	limborgii+paralekta	460.4
28	1100000	limborgii+paralekta	407.114
28	1200000	limborgii+paralekta	604.134
28	1300000	limborgii+paralekta	530.741
28	1400000	limborgii+paralekta	805.542
28	1500000	limborgii+paralekta	823.745
28	1600000	limborgii+paralekta	680.011
28	1700000	limborgii+paralekta	1057.29
28	1800000	limborgii+paralekta	797.387
28	1900000	limborgii+paralekta	708.106
28	2000000	limborgii+paralekta	1054.33
28	2100000	limborgii+paralekta	910.548
28	2200000	limborgii+paralekta	903.012
28	2300000	limborgii+paralekta	703.916
28	2400000	limborgii+paralekta	608.081
28	2500000	limborgii+paralekta	547.435
28	2600000	limborgii+paralekta	455.275
28	2700000	limborgii+paralekta	469.958
28	2800000	limborgii+paralekta	751.158
28	2900000	limborgii+paralekta	596.735
28	3000000	limborgii+paralekta	445.694
28	3100000	limborgii+paralekta	496.471
29	0	limborgii+paralekta	508.121
29	100000	limborgii+paralekta	480.673
29	200000	limborgii+paralekta	429.942
29	300000	limborgii+paralekta	394.359
29	400000	limborgii+paralekta	596.081
29	500000	limborgii+paralekta	520.986
29	600000	limborgii+paralekta	546.076
29	700000	limborgii+paralekta	482.644
29	800000	limborgii+paralekta	562.461
29	900000	limborgii+paralekta	695.055
29	1000000	limborgii+paralekta	498.203
29	1100000	limborgii+paralekta	589.921
29	1200000	limborgii+paralekta	504.193
29	1300000	limborgii+paralekta	481.844
29	1400000	limborgii+paralekta	648.803
29	1500000	limborgii+paralekta	558.918
29	1600000	limborgii+paralekta	564.48
29	1700000	limborgii+paralekta	497.992
29	1800000	limborgii+paralekta	519.633
30	0	limborgii+paralekta	336.404
30	100000	limborgii+paralekta	484.332
30	200000	limborgii+paralekta	441.224
30	300000	limborgii+paralekta	464.486
30	400000	limborgii+paralekta	422.935
30	500000	limborgii+paralekta	554.959
30	600000	limborgii+paralekta	626.961
30	700000	limborgii+paralekta	472.148
30	800000	limborgii+paralekta	479.852
30	900000	limborgii+paralekta	624.141
30	1000000	limborgii+paralekta	583.939
30	1100000	limborgii+paralekta	612.805
30	1200000	limborgii+paralekta	588.29
30	1300000	limborgii+paralekta	462.005
30	1400000	limborgii+paralekta	512.773
30	1500000	limborgii+paralekta	463.055
30	1600000	limborgii+paralekta	635.839
30	1700000	limborgii+paralekta	373.068
30	1800000	limborgii+paralekta	394.462
30	1900000	limborgii+paralekta	459.404
30	2000000	limborgii+paralekta	390.543
31	0	limborgii+paralekta	531.46
31	100000	limborgii+paralekta	483.802
31	200000	limborgii+paralekta	726.885
31	300000	limborgii+paralekta	391.553
31	400000	limborgii+paralekta	432.307
31	500000	limborgii+paralekta	413.773
31	600000	limborgii+paralekta	464.018
31	700000	limborgii+paralekta	631.557
31	800000	limborgii+paralekta	802.758
31	900000	limborgii+paralekta	594.107
31	1000000	limborgii+paralekta	680.323
31	1100000	limborgii+paralekta	744.5
31	1200000	limborgii+paralekta	1127.46
31	1300000	limborgii+paralekta	928.523
31	1400000	limborgii+paralekta	699.829
31	1500000	limborgii+paralekta	816.945
31	1600000	limborgii+paralekta	747.595
31	1700000	limborgii+paralekta	1090.65
31	1800000	limborgii+paralekta	745.886
31	1900000	limborgii+paralekta	810.933
31	2000000	limborgii+paralekta	766.772
31	2100000	limborgii+paralekta	843.517
31	2200000	limborgii+paralekta	792.127
31	2300000	limborgii+paralekta	667.582
31	2400000	limborgii+paralekta	572.765
31	2500000	limborgii+paralekta	558.242
31	2600000	limborgii+paralekta	587.136
31	2700000	limborgii+paralekta	425.105
31	2800000	limborgii+paralekta	498.145
31	2900000	limborgii+paralekta	470.145
31	3000000	limborgii+paralekta	338.853
32	0	limborgii+paralekta	131.15
32	100000	limborgii+paralekta	134.263
32	200000	limborgii+paralekta	104.157
1	0	inachus+paralekta	368.72
1	100000	inachus+paralekta	500.51
1	200000	inachus+paralekta	352.346
1	300000	inachus+paralekta	349.354
1	400000	inachus+paralekta	377.482
1	500000	inachus+paralekta	367.453
1	600000	inachus+paralekta	301.012
1	700000	inachus+paralekta	461.408
1	800000	inachus+paralekta	317.855
1	900000	inachus+paralekta	467.156
1	1000000	inachus+paralekta	560.81
1	1100000	inachus+paralekta	590.619
1	1200000	inachus+paralekta	452.254
1	1300000	inachus+paralekta	247.718
1	1400000	inachus+paralekta	322.436
1	1500000	inachus+paralekta	428.184
1	1600000	inachus+paralekta	454.907
1	1700000	inachus+paralekta	314.483
1	1800000	inachus+paralekta	544.14
1	1900000	inachus+paralekta	504.609
1	2000000	inachus+paralekta	309.238
1	2100000	inachus+paralekta	391.595
1	2200000	inachus+paralekta	504.313
1	2300000	inachus+paralekta	378.767
1	2400000	inachus+paralekta	399.364
1	2500000	inachus+paralekta	425.037
1	2600000	inachus+paralekta	422.043
1	2700000	inachus+paralekta	597.433
1	2800000	inachus+paralekta	411.333
1	2900000	inachus+paralekta	468.899
2	0	inachus+paralekta	352.713
2	100000	inachus+paralekta	341.666
2	200000	inachus+paralekta	390.739
2	300000	inachus+paralekta	334.502
2	400000	inachus+paralekta	328.407
2	500000	inachus+paralekta	301.375
2	600000	inachus+paralekta	501.816
2	700000	inachus+paralekta	320.737
2	800000	inachus+paralekta	455.491
2	900000	inachus+paralekta	327.36
2	1000000	inachus+paralekta	314.726
2	1100000	inachus+paralekta	289.032
2	1200000	inachus+paralekta	436.933
2	1300000	inachus+paralekta	380.144
2	1400000	inachus+paralekta	468.337
2	1500000	inachus+paralekta	362.529
2	1600000	inachus+paralekta	366.944
2	1700000	inachus+paralekta	435.836
2	1800000	inachus+paralekta	475.984
2	1900000	inachus+paralekta	502.446
2	2000000	inachus+paralekta	481.285
2	2100000	inachus+paralekta	408.853
2	2200000	inachus+paralekta	386.882
2	2300000	inachus+paralekta	344.553
2	2400000	inachus+paralekta	353.752
2	2500000	inachus+paralekta	290.39
2	2600000	inachus+paralekta	391.86
2	2700000	inachus+paralekta	388.218
2	2800000	inachus+paralekta	436.395
2	2900000	inachus+paralekta	481.891
2	3000000	inachus+paralekta	369.598
3	0	inachus+paralekta	262.737
3	100000	inachus+paralekta	258.029
3	200000	inachus+paralekta	278.442
3	300000	inachus+paralekta	216.105
3	400000	inachus+paralekta	247.602
3	500000	inachus+paralekta	215.575
3	600000	inachus+paralekta	195.174
3	700000	inachus+paralekta	256.213
3	800000	inachus+paralekta	231.498
4	0	inachus+paralekta	204.019
4	100000	inachus+paralekta	247.883
4	200000	inachus+paralekta	310.542
4	300000	inachus+paralekta	398.859
4	400000	inachus+paralekta	353.346
4	500000	inachus+paralekta	318.206
4	600000	inachus+paralekta	284.807
4	700000	inachus+paralekta	309.432
4	800000	inachus+paralekta	315.027
4	900000	inachus+paralekta	330.846
4	1000000	inachus+paralekta	359.789
4	1100000	inachus+paralekta	329.692
5	0	inachus+paralekta	359.808
5	100000	inachus+paralekta	343.143
5	200000	inachus+paralekta	361.747
5	300000	inachus+paralekta	374.294
5	400000	inachus+paralekta	470.119
5	500000	inachus+paralekta	406.81
5	600000	inachus+paralekta	431.118
5	700000	inachus+paralekta	480.652
5	800000	inachus+paralekta	373.516
5	900000	inachus+paralekta	504.221
5	1000000	inachus+paralekta	457.664
5	1100000	inachus+paralekta	447.589
5	1200000	inachus+paralekta	398.449
5	1300000	inachus+paralekta	534.358
5	1400000	inachus+paralekta	413.908
5	1500000	inachus+paralekta	448.417
5	1600000	inachus+paralekta	506.369
5	1700000	inachus+paralekta	412.301
5	1800000	inachus+paralekta	474.452
5	1900000	inachus+paralekta	549.782
5	2000000	inachus+paralekta	362.261
5	2100000	inachus+paralekta	452.473
5	2200000	inachus+paralekta	442.603
5	2300000	inachus+paralekta	390.807
6	0	inachus+paralekta	350.096
6	100000	inachus+paralekta	389.878
6	200000	inachus+paralekta	408.675
6	300000	inachus+paralekta	411.635
6	400000	inachus+paralekta	369.175
6	500000	inachus+paralekta	504.931
6	600000	inachus+paralekta	519.285
6	700000	inachus+paralekta	418.98
6	800000	inachus+paralekta	541.484
6	900000	inachus+paralekta	349.019
6	1000000	inachus+paralekta	377.354
6	1100000	inachus+paralekta	426.268
6	1200000	inachus+paralekta	348.681
6	1300000	inachus+paralekta	374.137
6	1400000	inachus+paralekta	601.85
6	1500000	inachus+paralekta	521.816
6	1600000	inachus+paralekta	294.431
6	1700000	inachus+paralekta	385.605
6	1800000	inachus+paralekta	439.131
6	1900000	inachus+paralekta	422.141
6	2000000	inachus+paralekta	396.28
6	2100000	inachus+paralekta	310.367
6	2200000	inachus+paralekta	420.999
6	2300000	inachus+paralekta	519.939
6	2400000	inachus+paralekta	468.445
6	2500000	inachus+paralekta	454.654
7	0	inachus+paralekta	320.105
7	100000	inachus+paralekta	488.685
7	200000	inachus+paralekta	522.152
7	300000	inachus+paralekta	394.995
7	400000	inachus+paralekta	347.344
7	500000	inachus+paralekta	225.281
7	600000	inachus+paralekta	445.705
7	700000	inachus+paralekta	332.337
7	800000	inachus+paralekta	136.146
7	900000	inachus+paralekta	333.983
7	1000000	inachus+paralekta	396.134
7	1100000	inachus+paralekta	421.69
7	1200000	inachus+paralekta	507.009
7	1300000	inachus+paralekta	405.97
7	1400000	inachus+paralekta	357.024
7	1500000	inachus+paralekta	309.081
7	1600000	inachus+paralekta	467.895
7	1700000	inachus+paralekta	353.974
7	1800000	inachus+paralekta	403.623
7	1900000	inachus+paralekta	353.467
7	2000000	inachus+paralekta	259.453
7	2100000	inachus+paralekta	353.356
7	2200000	inachus+paralekta	446.061
7	2300000	inachus+paralekta	475.753
7	2400000	inachus+paralekta	435.099
7	2500000	inachus+paralekta	258.495
8	0	inachus+paralekta	378.214
8	100000	inachus+paralekta	266.784
8	200000	inachus+paralekta	331.588
8	300000	inachus+paralekta	298.985
8	400000	inachus+paralekta	356.279
8	500000	inachus+paralekta	454.952
8	600000	inachus+paralekta	296.301
8	700000	inachus+paralekta	473.109
8	800000	inachus+paralekta	425.505
8	900000	inachus+paralekta	373.411
8	1000000	inachus+paralekta	424.104
8	1100000	inachus+paralekta	443.558
8	1200000	inachus+paralekta	430.31
8	1300000	inachus+paralekta	394.265
8	1400000	inachus+paralekta	453.151
8	1500000	inachus+paralekta	489.783
8	1600000	inachus+paralekta	408.499
8	1700000	inachus+paralekta	389.272
8	1800000	inachus+paralekta	362.052
8	1900000	inachus+paralekta	387.595
8	2000000	inachus+paralekta	417.442
8	2100000	inachus+paralekta	383.601
8	2200000	inachus+paralekta	436.235
8	2300000	inachus+paralekta	327.815
8	2400000	inachus+paralekta	295.494
8	2500000	inachus+paralekta	445.73
8	2600000	inachus+paralekta	412.508
8	2700000	inachus+paralekta	484.309
8	2800000	inachus+paralekta	396.828
9	0	inachus+paralekta	372.514
9	100000	inachus+paralekta	320.731
9	200000	inachus+paralekta	320.025
9	300000	inachus+paralekta	396.172
9	400000	inachus+paralekta	415.363
9	500000	inachus+paralekta	438.751
9	600000	inachus+paralekta	357.593
9	700000	inachus+paralekta	392.105
9	800000	inachus+paralekta	330.743
9	900000	inachus+paralekta	349.76
9	1000000	inachus+paralekta	304.43
9	1100000	inachus+paralekta	342.143
9	1200000	inachus+paralekta	308.228
9	1300000	inachus+paralekta	495.55
9	1400000	inachus+paralekta	362.682
9	1500000	inachus+paralekta	388.91
9	1600000	inachus+paralekta	285.018
9	1700000	inachus+paralekta	547.069
10	0	inachus+paralekta	438.129
10	100000	inachus+paralekta	269.942
10	200000	inachus+paralekta	262.788
10	300000	inachus+paralekta	304.019
10	400000	inachus+paralekta	318.683
10	500000	inachus+paralekta	387.145
10	600000	inachus+paralekta	313.378
10	700000	inachus+paralekta	413.972
10	800000	inachus+paralekta	387.167
10	900000	inachus+paralekta	423.837
10	1000000	inachus+paralekta	334.28
10	1100000	inachus+paralekta	428.207
10	1200000	inachus+paralekta	442.985
10	1300000	inachus+paralekta	486.01
10	1400000	inachus+paralekta	489.038
10	1500000	inachus+paralekta	359.392
10	1600000	inachus+paralekta	359.322
10	1700000	inachus+paralekta	433.743
10	1800000	inachus+paralekta	360.922
10	1900000	inachus+paralekta	403.401
10	2000000	inachus+paralekta	352.243
11	0	inachus+paralekta	304.318
11	100000	inachus+paralekta	469.678
11	200000	inachus+paralekta	343.963
11	300000	inachus+paralekta	437.858
11	400000	inachus+paralekta	507.979
11	500000	inachus+paralekta	260.681
11	600000	inachus+paralekta	398.318
11	700000	inachus+paralekta	321.43
11	800000	inachus+paralekta	498.418
11	900000	inachus+paralekta	377.653
11	1000000	inachus+paralekta	398.802
11	1100000	inachus+paralekta	506.476
11	1200000	inachus+paralekta	448.288
11	1300000	inachus+paralekta	401.503
11	1400000	inachus+paralekta	523.47
11	1500000	inachus+paralekta	454.642
11	1600000	inachus+paralekta	462.208
11	1700000	inachus+paralekta	379.029
11	1800000	inachus+paralekta	470.012
11	1900000	inachus+paralekta	381.828
11	2000000	inachus+paralekta	423.164
11	2100000	inachus+paralekta	514.329
11	2200000	inachus+paralekta	313.144
11	2300000	inachus+paralekta	379.488
11	2400000	inachus+paralekta	241.762
11	2500000	inachus+paralekta	400.252
11	2600000	inachus+paralekta	409.518
11	2700000	inachus+paralekta	415.646
11	2800000	inachus+paralekta	248.206
12	0	inachus+paralekta	371.25
12	100000	inachus+paralekta	361.597
12	200000	inachus+paralekta	464.732
12	300000	inachus+paralekta	286.316
12	400000	inachus+paralekta	382.783
12	500000	inachus+paralekta	367.229
12	600000	inachus+paralekta	416.985
12	700000	inachus+paralekta	389.25
12	800000	inachus+paralekta	500.224
12	900000	inachus+paralekta	529.691
12	1000000	inachus+paralekta	474.492
12	1100000	inachus+paralekta	420.527
12	1200000	inachus+paralekta	626.746
12	1300000	inachus+paralekta	409.496
12	1400000	inachus+paralekta	401.555
12	1500000	inachus+paralekta	361.687
12	1600000	inachus+paralekta	451.281
12	1700000	inachus+paralekta	459.788
12	1800000	inachus+paralekta	437.438
12	1900000	inachus+paralekta	543.576
12	2000000	inachus+paralekta	531.579
12	2100000	inachus+paralekta	346.531
12	2200000	inachus+paralekta	438.615
12	2300000	inachus+paralekta	380.604
12	2400000	inachus+paralekta	365.769
12	2500000	inachus+paralekta	436.763
12	2600000	inachus+paralekta	469.043
12	2700000	inachus+paralekta	350.094
13	0	inachus+paralekta	366.644
13	100000	inachus+paralekta	257.549
13	200000	inachus+paralekta	457.348
13	300000	inachus+paralekta	441.999
13	400000	inachus+paralekta	477.042
13	500000	inachus+paralekta	547.277
13	600000	inachus+paralekta	432.12
13	700000	inachus+paralekta	354.389
13	800000	inachus+paralekta	481.68
13	900000	inachus+paralekta	358.798
13	1000000	inachus+paralekta	459.053
13	1100000	inachus+paralekta	340.322
13	1200000	inachus+paralekta	420.37
13	1300000	inachus+paralekta	513.276
13	1400000	inachus+paralekta	494.108
13	1500000	inachus+paralekta	328.507
13	1600000	inachus+paralekta	419.308
13	1700000	inachus+paralekta	322.8
13	1800000	inachus+paralekta	392.089
13	1900000	inachus+paralekta	436.614
13	2000000	inachus+paralekta	486.205
13	2100000	inachus+paralekta	512.427
13	2200000	inachus+paralekta	435.775
13	2300000	inachus+paralekta	384.468
13	2400000	inachus+paralekta	374.132
13	2500000	inachus+paralekta	347.144
13	2600000	inachus+paralekta	508.053
13	2700000	inachus+paralekta	383.997
13	2800000	inachus+paralekta	350.828
13	2900000	inachus+paralekta	310.659
13	3000000	inachus+paralekta	377.978
13	3100000	inachus+paralekta	442.932
14	0	inachus+paralekta	539.438
14	100000	inachus+paralekta	437.133
14	200000	inachus+paralekta	350.008
14	300000	inachus+paralekta	295.523
14	400000	inachus+paralekta	295.192
14	500000	inachus+paralekta	251.966
14	600000	inachus+paralekta	396.994
14	700000	inachus+paralekta	373.926
14	800000	inachus+paralekta	386.745
14	900000	inachus+paralekta	535.896
14	1000000	inachus+paralekta	464.335
14	1100000	inachus+paralekta	583.989
14	1200000	inachus+paralekta	408.181
14	1300000	inachus+paralekta	424.325
14	1400000	inachus+paralekta	410.731
14	1500000	inachus+paralekta	326.329
14	1600000	inachus+paralekta	471.468
14	1700000	inachus+paralekta	486.163
14	1800000	inachus+paralekta	431.85
14	1900000	inachus+paralekta	540.976
14	2000000	inachus+paralekta	352.933
14	2100000	inachus+paralekta	349.067
14	2200000	inachus+paralekta	341.542
14	2300000	inachus+paralekta	438.618
14	2400000	inachus+paralekta	330.481
14	2500000	inachus+paralekta	363.497
14	2600000	inachus+paralekta	416.228
15	0	inachus+paralekta	366.904
15	100000	inachus+paralekta	579.54
15	200000	inachus+paralekta	550.031
15	300000	inachus+paralekta	564.376
15	400000	inachus+paralekta	429.859
15	500000	inachus+paralekta	467.335
15	600000	inachus+paralekta	396.821
15	700000	inachus+paralekta	393.71
15	800000	inachus+paralekta	325.109
15	900000	inachus+paralekta	436.591
15	1000000	inachus+paralekta	421.406
15	1100000	inachus+paralekta	543.727
15	1200000	inachus+paralekta	384.544
15	1300000	inachus+paralekta	475.463
15	1400000	inachus+paralekta	447.707
15	1500000	inachus+paralekta	364.222
15	1600000	inachus+paralekta	374.391
15	1700000	inachus+paralekta	395.595
15	1800000	inachus+paralekta	428.756
15	1900000	inachus+paralekta	299.7
15	2000000	inachus+paralekta	468.511
15	2100000	inachus+paralekta	373.245
15	2200000	inachus+paralekta	438.586
15	2300000	inachus+paralekta	412.162
15	2400000	inachus+paralekta	380.424
15	2500000	inachus+paralekta	332.534
15	2600000	inachus+paralekta	378.494
15	2700000	inachus+paralekta	401.807
15	2800000	inachus+paralekta	378.747
15	2900000	inachus+paralekta	356.429
15	3000000	inachus+paralekta	263.186
15	3100000	inachus+paralekta	315.844
15	3200000	inachus+paralekta	380.754
15	3300000	inachus+paralekta	389.254
16	0	inachus+paralekta	331.031
16	100000	inachus+paralekta	247.23
16	200000	inachus+paralekta	363.427
16	300000	inachus+paralekta	324.696
16	400000	inachus+paralekta	321.855
16	500000	inachus+paralekta	374.681
16	600000	inachus+paralekta	330.462
16	700000	inachus+paralekta	466.393
16	800000	inachus+paralekta	441.012
16	900000	inachus+paralekta	406.589
16	1000000	inachus+paralekta	416.673
16	1100000	inachus+paralekta	487.2
16	1200000	inachus+paralekta	469.866
16	1300000	inachus+paralekta	388.688
16	1400000	inachus+paralekta	394.971
16	1500000	inachus+paralekta	565.251
16	1600000	inachus+paralekta	316.212
16	1700000	inachus+paralekta	525.788
16	1800000	inachus+paralekta	464.017
16	1900000	inachus+paralekta	478.513
16	2000000	inachus+paralekta	443.699
16	2100000	inachus+paralekta	367.558
16	2200000	inachus+paralekta	485.974
16	2300000	inachus+paralekta	465.553
16	2400000	inachus+paralekta	489.587
16	2500000	inachus+paralekta	558.075
16	2600000	inachus+paralekta	406.947
16	2700000	inachus+paralekta	530.869
16	2800000	inachus+paralekta	372.156
17	0	inachus+paralekta	375.825
17	100000	inachus+paralekta	353.381
17	200000	inachus+paralekta	341.555
17	300000	inachus+paralekta	342.959
17	400000	inachus+paralekta	538.006
17	500000	inachus+paralekta	391.078
17	600000	inachus+paralekta	417.546
17	700000	inachus+paralekta	531.977
17	800000	inachus+paralekta	555.935
17	900000	inachus+paralekta	488.903
17	1000000	inachus+paralekta	526.504
17	1100000	inachus+paralekta	385.613
17	1200000	inachus+paralekta	366.774
17	1300000	inachus+paralekta	465.667
17	1400000	inachus+paralekta	428.931
17	1500000	inachus+paralekta	405.017
17	1600000	inachus+paralekta	491.026
17	1700000	inachus+paralekta	406.086
17	1800000	inachus+paralekta	366.262
17	1900000	inachus+paralekta	331.151
17	2000000	inachus+paralekta	396.685
17	2100000	inachus+paralekta	590.044
17	2200000	inachus+paralekta	382.153
17	2300000	inachus+paralekta	356.146
17	2400000	inachus+paralekta	522.912
17	2500000	inachus+paralekta	485.911
17	2600000	inachus+paralekta	503.991
17	2700000	inachus+paralekta	474.927
17	2800000	inachus+paralekta	443.671
17	2900000	inachus+paralekta	442.433
17	3000000	inachus+paralekta	418.061
17	3100000	inachus+paralekta	493.101
17	3200000	inachus+paralekta	292.174
17	3300000	inachus+paralekta	453.204
17	3400000	inachus+paralekta	415.749
18	0	inachus+paralekta	274.45
18	100000	inachus+paralekta	367.255
18	200000	inachus+paralekta	332.501
18	300000	inachus+paralekta	259.669
18	400000	inachus+paralekta	247.172
18	500000	inachus+paralekta	314.334
18	600000	inachus+paralekta	374.759
18	700000	inachus+paralekta	226.1
18	800000	inachus+paralekta	298.561
18	900000	inachus+paralekta	237.252
18	1000000	inachus+paralekta	259.716
18	1100000	inachus+paralekta	405.414
19	0	inachus+paralekta	344.126
19	100000	inachus+paralekta	449.285
19	200000	inachus+paralekta	438.987
19	300000	inachus+paralekta	326.159
19	400000	inachus+paralekta	438.039
19	500000	inachus+paralekta	329.026
19	600000	inachus+paralekta	436.534
19	700000	inachus+paralekta	345.317
19	800000	inachus+paralekta	314.969
19	900000	inachus+paralekta	456.949
19	1000000	inachus+paralekta	377.464
19	1100000	inachus+paralekta	402.223
19	1200000	inachus+paralekta	329.647
19	1300000	inachus+paralekta	308.907
20	0	inachus+paralekta	267.859
20	100000	inachus+paralekta	294.294
20	200000	inachus+paralekta	423.412
20	300000	inachus+paralekta	389.694
20	400000	inachus+paralekta	229.102
20	500000	inachus+paralekta	411.752
20	600000	inachus+paralekta	417.724
20	700000	inachus+paralekta	387.47
20	800000	inachus+paralekta	341.912
20	900000	inachus+paralekta	332.718
20	1000000	inachus+paralekta	415.6
20	1100000	inachus+paralekta	414.689
20	1200000	inachus+paralekta	293.022
20	1300000	inachus+paralekta	390.301
20	1400000	inachus+paralekta	248.173
20	1500000	inachus+paralekta	312.316
20	1600000	inachus+paralekta	328.16
20	1700000	inachus+paralekta	380.348
20	1800000	inachus+paralekta	252.337
20	1900000	inachus+paralekta	289.698
20	2000000	inachus+paralekta	210.905
20	2100000	inachus+paralekta	298.011
20	2200000	inachus+paralekta	324.994
21	0	inachus+paralekta	445.776
21	100000	inachus+paralekta	419.961
21	200000	inachus+paralekta	327.356
21	300000	inachus+paralekta	391.987
21	400000	inachus+paralekta	530.471
21	500000	inachus+paralekta	387.808
21	600000	inachus+paralekta	212.267
21	700000	inachus+paralekta	293.935
21	800000	inachus+paralekta	549.612
21	900000	inachus+paralekta	354.973
21	1000000	inachus+paralekta	460.192
21	1100000	inachus+paralekta	322.207
21	1200000	inachus+paralekta	532.712
21	1300000	inachus+paralekta	420.371
21	1400000	inachus+paralekta	508.932
21	1500000	inachus+paralekta	468.677
21	1600000	inachus+paralekta	512.502
21	1700000	inachus+paralekta	512.784
21	1800000	inachus+paralekta	383.205
21	1900000	inachus+paralekta	408.622
21	2000000	inachus+paralekta	422.47
21	2100000	inachus+paralekta	547.171
21	2200000	inachus+paralekta	440.254
21	2300000	inachus+paralekta	395.736
21	2400000	inachus+paralekta	566.97
22	0	inachus+paralekta	676.485
22	100000	inachus+paralekta	366.898
22	200000	inachus+paralekta	379.169
22	300000	inachus+paralekta	272.849
22	400000	inachus+paralekta	299.294
22	500000	inachus+paralekta	361.6
22	600000	inachus+paralekta	371.256
22	700000	inachus+paralekta	319.236
22	800000	inachus+paralekta	292.107
22	900000	inachus+paralekta	339.797
22	1000000	inachus+paralekta	368.271
22	1100000	inachus+paralekta	382.041
22	1200000	inachus+paralekta	261.09
22	1300000	inachus+paralekta	364.491
22	1400000	inachus+paralekta	336.933
22	1500000	inachus+paralekta	321.602
22	1600000	inachus+paralekta	363.68
22	1700000	inachus+paralekta	277.266
22	1800000	inachus+paralekta	327.657
22	1900000	inachus+paralekta	412.716
22	2000000	inachus+paralekta	306.788
22	2100000	inachus+paralekta	496.103
22	2200000	inachus+paralekta	322.613
22	2300000	inachus+paralekta	224.481
22	2400000	inachus+paralekta	300.49
22	2500000	inachus+paralekta	431.33
22	2600000	inachus+paralekta	452.674
22	2700000	inachus+paralekta	286.598
22	2800000	inachus+paralekta	404.17
22	2900000	inachus+paralekta	406.995
22	3000000	inachus+paralekta	465.805
22	3100000	inachus+paralekta	432.973
23	0	inachus+paralekta	424.853
23	100000	inachus+paralekta	414.975
23	200000	inachus+paralekta	429.676
23	300000	inachus+paralekta	410.561
23	400000	inachus+paralekta	326.312
23	500000	inachus+paralekta	444.755
23	600000	inachus+paralekta	411.144
23	700000	inachus+paralekta	596.562
23	800000	inachus+paralekta	401.944
23	900000	inachus+paralekta	380.048
23	1000000	inachus+paralekta	385.124
23	1100000	inachus+paralekta	501.119
23	1200000	inachus+paralekta	282.586
23	1300000	inachus+paralekta	450.952
23	1400000	inachus+paralekta	295.452
23	1500000	inachus+paralekta	392.19
23	1600000	inachus+paralekta	352.234
23	1700000	inachus+paralekta	369.418
23	1800000	inachus+paralekta	342.16
23	1900000	inachus+paralekta	307.639
23	2000000	inachus+paralekta	402.197
23	2100000	inachus+paralekta	286.815
23	2200000	inachus+paralekta	249.832
23	2300000	inachus+paralekta	311.9
23	2400000	inachus+paralekta	353.814
23	2500000	inachus+paralekta	453.32
23	2600000	inachus+paralekta	426.911
23	2700000	inachus+paralekta	469.875
23	2800000	inachus+paralekta	432.257
23	2900000	inachus+paralekta	373.894
23	3000000	inachus+paralekta	319.115
24	0	inachus+paralekta	479.978
24	100000	inachus+paralekta	438.116
24	200000	inachus+paralekta	394.311
24	300000	inachus+paralekta	337.327
24	400000	inachus+paralekta	487.173
24	500000	inachus+paralekta	301.454
24	600000	inachus+paralekta	266.703
24	700000	inachus+paralekta	395.238
24	800000	inachus+paralekta	450.964
24	900000	inachus+paralekta	493.353
24	1000000	inachus+paralekta	461.093
24	1100000	inachus+paralekta	340.282
24	1200000	inachus+paralekta	363.237
24	1300000	inachus+paralekta	340.674
24	1400000	inachus+paralekta	418.478
24	1500000	inachus+paralekta	382.779
24	1600000	inachus+paralekta	301.825
24	1700000	inachus+paralekta	628.484
24	1800000	inachus+paralekta	535.901
24	1900000	inachus+paralekta	500.042
24	2000000	inachus+paralekta	428.727
24	2100000	inachus+paralekta	191.908
24	2200000	inachus+paralekta	515.602
24	2300000	inachus+paralekta	442.237
24	2400000	inachus+paralekta	331.399
24	2500000	inachus+paralekta	396.127
24	2600000	inachus+paralekta	446.223
24	2700000	inachus+paralekta	479.899
24	2800000	inachus+paralekta	347.366
24	2900000	inachus+paralekta	328.418
24	3000000	inachus+paralekta	415.096
25	0	inachus+paralekta	280.873
25	100000	inachus+paralekta	473.728
25	200000	inachus+paralekta	441.002
25	300000	inachus+paralekta	542.401
25	400000	inachus+paralekta	589.046
25	500000	inachus+paralekta	382.365
25	600000	inachus+paralekta	558.051
25	700000	inachus+paralekta	359.906
25	800000	inachus+paralekta	462.101
25	900000	inachus+paralekta	685.22
25	1000000	inachus+paralekta	446.449
25	1100000	inachus+paralekta	491.612
25	1200000	inachus+paralekta	550.791
25	1300000	inachus+paralekta	512.139
25	1400000	inachus+paralekta	461.257
25	1500000	inachus+paralekta	328.814
25	1600000	inachus+paralekta	414.905
25	1700000	inachus+paralekta	403.053
25	1800000	inachus+paralekta	444.282
25	1900000	inachus+paralekta	472.186
25	2000000	inachus+paralekta	446.875
25	2100000	inachus+paralekta	433.568
25	2200000	inachus+paralekta	309.605
25	2300000	inachus+paralekta	483.09
25	2400000	inachus+paralekta	418.32
25	2500000	inachus+paralekta	473.528
25	2600000	inachus+paralekta	570.201
25	2700000	inachus+paralekta	485.798
25	2800000	inachus+paralekta	402.31
25	2900000	inachus+paralekta	585.826
25	3000000	inachus+paralekta	464.637
25	3100000	inachus+paralekta	455.127
25	3200000	inachus+paralekta	758.706
26	0	inachus+paralekta	305.61
26	100000	inachus+paralekta	332.027
26	200000	inachus+paralekta	254.8
26	300000	inachus+paralekta	472.689
26	400000	inachus+paralekta	393.337
26	500000	inachus+paralekta	367.627
26	600000	inachus+paralekta	432.105
26	700000	inachus+paralekta	468.525
26	800000	inachus+paralekta	277.014
26	900000	inachus+paralekta	395.061
26	1000000	inachus+paralekta	309.762
26	1100000	inachus+paralekta	438.822
26	1200000	inachus+paralekta	605.858
26	1300000	inachus+paralekta	451.567
26	1400000	inachus+paralekta	388.165
26	1500000	inachus+paralekta	443.704
26	1600000	inachus+paralekta	416.805
26	1700000	inachus+paralekta	414.155
26	1800000	inachus+paralekta	456.208
26	1900000	inachus+paralekta	352.589
26	2000000	inachus+paralekta	283.163
26	2100000	inachus+paralekta	476.559
26	2200000	inachus+paralekta	402.392
26	2300000	inachus+paralekta	492.143
26	2400000	inachus+paralekta	478.489
26	2500000	inachus+paralekta	413.624
26	2600000	inachus+paralekta	404.13
26	2700000	inachus+paralekta	402.093
26	2800000	inachus+paralekta	291.168
26	2900000	inachus+paralekta	247.799
27	0	inachus+paralekta	338.825
27	100000	inachus+paralekta	360.842
27	200000	inachus+paralekta	511.858
27	300000	inachus+paralekta	500.228
27	400000	inachus+paralekta	485.418
27	500000	inachus+paralekta	538.315
27	600000	inachus+paralekta	510.998
27	700000	inachus+paralekta	319.475
27	800000	inachus+paralekta	403.236
27	900000	inachus+paralekta	648.368
27	1000000	inachus+paralekta	392.037
27	1100000	inachus+paralekta	396.044
27	1200000	inachus+paralekta	534.136
27	1300000	inachus+paralekta	348.288
27	1400000	inachus+paralekta	503.343
27	1500000	inachus+paralekta	463.41
27	1600000	inachus+paralekta	412.9
27	1700000	inachus+paralekta	388.756
27	1800000	inachus+paralekta	339.406
27	1900000	inachus+paralekta	394.739
27	2000000	inachus+paralekta	409.279
27	2100000	inachus+paralekta	357.466
27	2200000	inachus+paralekta	513.497
27	2300000	inachus+paralekta	500.633
27	2400000	inachus+paralekta	629.637
27	2500000	inachus+paralekta	434.89
27	2600000	inachus+paralekta	561.208
27	2700000	inachus+paralekta	322.067
27	2800000	inachus+paralekta	478.155
27	2900000	inachus+paralekta	470.131
27	3000000	inachus+paralekta	418.838
27	3100000	inachus+paralekta	494.268
27	3200000	inachus+paralekta	406.404
27	3300000	inachus+paralekta	395.757
27	3400000	inachus+paralekta	263.364
28	0	inachus+paralekta	413.087
28	100000	inachus+paralekta	389.614
28	200000	inachus+paralekta	485.022
28	300000	inachus+paralekta	365.787
28	400000	inachus+paralekta	418.145
28	500000	inachus+paralekta	331.018
28	600000	inachus+paralekta	278.703
28	700000	inachus+paralekta	524.538
28	800000	inachus+paralekta	516.771
28	900000	inachus+paralekta	419.291
28	1000000	inachus+paralekta	498.94
28	1100000	inachus+paralekta	303.702
28	1200000	inachus+paralekta	493.783
28	1300000	inachus+paralekta	336.148
28	1400000	inachus+paralekta	438.493
28	1500000	inachus+paralekta	480.859
28	1600000	inachus+paralekta	412.944
28	1700000	inachus+paralekta	321.058
28	1800000	inachus+paralekta	559.993
28	1900000	inachus+paralekta	442.426
28	2000000	inachus+paralekta	509.324
28	2100000	inachus+paralekta	484.327
28	2200000	inachus+paralekta	512.132
28	2300000	inachus+paralekta	398.336
28	2400000	inachus+paralekta	407.363
28	2500000	inachus+paralekta	379.443
28	2600000	inachus+paralekta	302.385
28	2700000	inachus+paralekta	378.811
28	2800000	inachus+paralekta	466.749
28	2900000	inachus+paralekta	303.882
28	3000000	inachus+paralekta	319.365
28	3100000	inachus+paralekta	399.75
29	0	inachus+paralekta	460.934
29	100000	inachus+paralekta	378.464
29	200000	inachus+paralekta	422.286
29	300000	inachus+paralekta	404.171
29	400000	inachus+paralekta	441.236
29	500000	inachus+paralekta	391.966
29	600000	inachus+paralekta	593.849
29	700000	inachus+paralekta	343.387
29	800000	inachus+paralekta	641.93
29	900000	inachus+paralekta	467.596
29	1000000	inachus+paralekta	529.315
29	1100000	inachus+paralekta	506.693
29	1200000	inachus+paralekta	428.469
29	1300000	inachus+paralekta	431.45
29	1400000	inachus+paralekta	530.599
29	1500000	inachus+paralekta	440.854
29	1600000	inachus+paralekta	538.907
29	1700000	inachus+paralekta	442.424
29	1800000	inachus+paralekta	269.114
30	0	inachus+paralekta	267.567
30	100000	inachus+paralekta	339.147
30	200000	inachus+paralekta	390.286
30	300000	inachus+paralekta	387.796
30	400000	inachus+paralekta	296.812
30	500000	inachus+paralekta	352.848
30	600000	inachus+paralekta	439.808
30	700000	inachus+paralekta	313.633
30	800000	inachus+paralekta	376.222
30	900000	inachus+paralekta	451.441
30	1000000	inachus+paralekta	455.266
30	1100000	inachus+paralekta	380.293
30	1200000	inachus+paralekta	345.598
30	1300000	inachus+paralekta	345.541
30	1400000	inachus+paralekta	337.681
30	1500000	inachus+paralekta	334.325
30	1600000	inachus+paralekta	185.957
30	1700000	inachus+paralekta	233.048
30	1800000	inachus+paralekta	425.97
30	1900000	inachus+paralekta	362.394
30	2000000	inachus+paralekta	427.881
31	0	inachus+paralekta	594.011
31	100000	inachus+paralekta	450.694
31	200000	inachus+paralekta	563.581
31	300000	inachus+paralekta	292.696
31	400000	inachus+paralekta	331.94
31	500000	inachus+paralekta	362.7
31	600000	inachus+paralekta	318.938
31	700000	inachus+paralekta	329.174
31	800000	inachus+paralekta	443.02
31	900000	inachus+paralekta	452.141
31	1000000	inachus+paralekta	383.748
31	1100000	inachus+paralekta	395.077
31	1200000	inachus+paralekta	510.266
31	1300000	inachus+paralekta	518.14
31	1400000	inachus+paralekta	508.464
31	1500000	inachus+paralekta	394.221
31	1600000	inachus+paralekta	420.388
31	1700000	inachus+paralekta	383.431
31	1800000	inachus+paralekta	517.265
31	1900000	inachus+paralekta	472.813
31	2000000	inachus+paralekta	431.135
31	2100000	inachus+paralekta	540.995
31	2200000	inachus+paralekta	379.028
31	2300000	inachus+paralekta	394.968
31	2400000	inachus+paralekta	385.317
31	2500000	inachus+paralekta	464.834
31	2600000	inachus+paralekta	391.246
31	2700000	inachus+paralekta	226.017
31	2800000	inachus+paralekta	321.997
31	2900000	inachus+paralekta	460.14
31	3000000	inachus+paralekta	336.547
32	0	inachus+paralekta	172.589
32	100000	inachus+paralekta	134.652
32	200000	inachus+paralekta	175.561
1	0	inachus+limborgii	462.708
1	100000	inachus+limborgii	633.635
1	200000	inachus+limborgii	500.449
1	300000	inachus+limborgii	530.076
1	400000	inachus+limborgii	421.956
1	500000	inachus+limborgii	419.465
1	600000	inachus+limborgii	546.914
1	700000	inachus+limborgii	719.035
1	800000	inachus+limborgii	931.735
1	900000	inachus+limborgii	889.229
1	1000000	inachus+limborgii	1051.07
1	1100000	inachus+limborgii	1269.2
1	1200000	inachus+limborgii	1468.73
1	1300000	inachus+limborgii	1182.25
1	1400000	inachus+limborgii	1113.7
1	1500000	inachus+limborgii	1255.62
1	1600000	inachus+limborgii	875.24
1	1700000	inachus+limborgii	1266.13
1	1800000	inachus+limborgii	1047.21
1	1900000	inachus+limborgii	632.08
1	2000000	inachus+limborgii	715.096
1	2100000	inachus+limborgii	969.32
1	2200000	inachus+limborgii	969.242
1	2300000	inachus+limborgii	666.388
1	2400000	inachus+limborgii	598
1	2500000	inachus+limborgii	902.321
1	2600000	inachus+limborgii	567.391
1	2700000	inachus+limborgii	735.035
1	2800000	inachus+limborgii	715.791
1	2900000	inachus+limborgii	926.327
2	0	inachus+limborgii	655.662
2	100000	inachus+limborgii	586.406
2	200000	inachus+limborgii	611.741
2	300000	inachus+limborgii	410.834
2	400000	inachus+limborgii	509.046
2	500000	inachus+limborgii	637.626
2	600000	inachus+limborgii	650.252
2	700000	inachus+limborgii	453.918
2	800000	inachus+limborgii	800.872
2	900000	inachus+limborgii	985.305
2	1000000	inachus+limborgii	1003.13
2	1100000	inachus+limborgii	1133.66
2	1200000	inachus+limborgii	964.337
2	1300000	inachus+limborgii	1188.49
2	1400000	inachus+limborgii	1011.25
2	1500000	inachus+limborgii	816.825
2	1600000	inachus+limborgii	1372.03
2	1700000	inachus+limborgii	954.768
2	1800000	inachus+limborgii	1193.49
2	1900000	inachus+limborgii	884.144
2	2000000	inachus+limborgii	1144.26
2	2100000	inachus+limborgii	1162.99
2	2200000	inachus+limborgii	664.301
2	2300000	inachus+limborgii	634.513
2	2400000	inachus+limborgii	475.943
2	2500000	inachus+limborgii	416.129
2	2600000	inachus+limborgii	537.425
2	2700000	inachus+limborgii	439.799
2	2800000	inachus+limborgii	627.726
2	2900000	inachus+limborgii	716.052
2	3000000	inachus+limborgii	583.158
3	0	inachus+limborgii	475.339
3	100000	inachus+limborgii	455.003
3	200000	inachus+limborgii	370.957
3	300000	inachus+limborgii	427.866
3	400000	inachus+limborgii	468.176
3	500000	inachus+limborgii	383.335
3	600000	inachus+limborgii	379.777
3	700000	inachus+limborgii	469.253
3	800000	inachus+limborgii	498.807
4	0	inachus+limborgii	430.205
4	100000	inachus+limborgii	500.497
4	200000	inachus+limborgii	565.4
4	300000	inachus+limborgii	703.182
4	400000	inachus+limborgii	674.124
4	500000	inachus+limborgii	433.872
4	600000	inachus+limborgii	405.854
4	700000	inachus+limborgii	473.728
4	800000	inachus+limborgii	565.723
4	900000	inachus+limborgii	501.432
4	1000000	inachus+limborgii	545.263
4	1100000	inachus+limborgii	590.31
5	0	inachus+limborgii	466.802
5	100000	inachus+limborgii	519.627
5	200000	inachus+limborgii	452.144
5	300000	inachus+limborgii	300.068
5	400000	inachus+limborgii	450.827
5	500000	inachus+limborgii	463.552
5	600000	inachus+limborgii	1014.32
5	700000	inachus+limborgii	615.806
5	800000	inachus+limborgii	592.825
5	900000	inachus+limborgii	888.456
5	1000000	inachus+limborgii	747.85
5	1100000	inachus+limborgii	923.715
5	1200000	inachus+limborgii	668.26
5	1300000	inachus+limborgii	569.762
5	1400000	inachus+limborgii	549.922
5	1500000	inachus+limborgii	475.922
5	1600000	inachus+limborgii	820.072
5	1700000	inachus+limborgii	433.638
5	1800000	inachus+limborgii	634.437
5	1900000	inachus+limborgii	626.462
5	2000000	inachus+limborgii	822.541
5	2100000	inachus+limborgii	762.091
5	2200000	inachus+limborgii	680.657
5	2300000	inachus+limborgii	455.503
6	0	inachus+limborgii	555.637
6	100000	inachus+limborgii	456.837
6	200000	inachus+limborgii	591.069
6	300000	inachus+limborgii	634.446
6	400000	inachus+limborgii	535.217
6	500000	inachus+limborgii	621.333
6	600000	inachus+limborgii	691.242
6	700000	inachus+limborgii	716.064
6	800000	inachus+limborgii	692.704
6	900000	inachus+limborgii	717.979
6	1000000	inachus+limborgii	749.096
6	1100000	inachus+limborgii	887.164
6	1200000	inachus+limborgii	982.58
6	1300000	inachus+limborgii	817.314
6	1400000	inachus+limborgii	949.788
6	1500000	inachus+limborgii	1110.81
6	1600000	inachus+limborgii	784.063
6	1700000	inachus+limborgii	705.351
6	1800000	inachus+limborgii	879.95
6	1900000	inachus+limborgii	576.215
6	2000000	inachus+limborgii	692.098
6	2100000	inachus+limborgii	423.885
6	2200000	inachus+limborgii	719.114
6	2300000	inachus+limborgii	1117.68
6	2400000	inachus+limborgii	769.942
6	2500000	inachus+limborgii	686.966
7	0	inachus+limborgii	403.345
7	100000	inachus+limborgii	571.016
7	200000	inachus+limborgii	713.404
7	300000	inachus+limborgii	652.426
7	400000	inachus+limborgii	456.198
7	500000	inachus+limborgii	394.461
7	600000	inachus+limborgii	664.893
7	700000	inachus+limborgii	503.374
7	800000	inachus+limborgii	312.177
7	900000	inachus+limborgii	441.002
7	1000000	inachus+limborgii	628.227
7	1100000	inachus+limborgii	1082.13
7	1200000	inachus+limborgii	1030.73
7	1300000	inachus+limborgii	642.471
7	1400000	inachus+limborgii	577.2
7	1500000	inachus+limborgii	639.491
7	1600000	inachus+limborgii	747.526
7	1700000	inachus+limborgii	555.652
7	1800000	inachus+limborgii	715.819
7	1900000	inachus+limborgii	394.879
7	2000000	inachus+limborgii	364.114
7	2100000	inachus+limborgii	492.141
7	2200000	inachus+limborgii	580.932
7	2300000	inachus+limborgii	629.748
7	2400000	inachus+limborgii	557.83
7	2500000	inachus+limborgii	450.485
8	0	inachus+limborgii	752.098
8	100000	inachus+limborgii	399.609
8	200000	inachus+limborgii	457.701
8	300000	inachus+limborgii	469.741
8	400000	inachus+limborgii	484.749
8	500000	inachus+limborgii	629.637
8	600000	inachus+limborgii	502.113
8	700000	inachus+limborgii	752.961
8	800000	inachus+limborgii	874.343
8	900000	inachus+limborgii	1030.7
8	1000000	inachus+limborgii	944.986
8	1100000	inachus+limborgii	799.909
8	1200000	inachus+limborgii	998.144
8	1300000	inachus+limborgii	1002.88
8	1400000	inachus+limborgii	1177.71
8	1500000	inachus+limborgii	1213.49
8	1600000	inachus+limborgii	1018.8
8	1700000	inachus+limborgii	856.681
8	1800000	inachus+limborgii	871.043
8	1900000	inachus+limborgii	1032.33
8	2000000	inachus+limborgii	775.923
8	2100000	inachus+limborgii	603.757
8	2200000	inachus+limborgii	504.937
8	2300000	inachus+limborgii	393.318
8	2400000	inachus+limborgii	531.86
8	2500000	inachus+limborgii	621.296
8	2600000	inachus+limborgii	499.211
8	2700000	inachus+limborgii	591.834
8	2800000	inachus+limborgii	657.757
9	0	inachus+limborgii	496.578
9	100000	inachus+limborgii	486.855
9	200000	inachus+limborgii	422.933
9	300000	inachus+limborgii	521.227
9	400000	inachus+limborgii	603.826
9	500000	inachus+limborgii	640.696
9	600000	inachus+limborgii	459.08
9	700000	inachus+limborgii	795.883
9	800000	inachus+limborgii	354.035
9	900000	inachus+limborgii	489.459
9	1000000	inachus+limborgii	515.567
9	1100000	inachus+limborgii	437.074
9	1200000	inachus+limborgii	319.139
9	1300000	inachus+limborgii	601.538
9	1400000	inachus+limborgii	537.316
9	1500000	inachus+limborgii	510.749
9	1600000	inachus+limborgii	546.971
9	1700000	inachus+limborgii	668.735
10	0	inachus+limborgii	599.065
10	100000	inachus+limborgii	323.772
10	200000	inachus+limborgii	327.96
10	300000	inachus+limborgii	375.784
10	400000	inachus+limborgii	420.291
10	500000	inachus+limborgii	707.217
10	600000	inachus+limborgii	360.9
10	700000	inachus+limborgii	620.991
10	800000	inachus+limborgii	492.371
10	900000	inachus+limborgii	437.641
10	1000000	inachus+limborgii	453.846
10	1100000	inachus+limborgii	821.096
10	1200000	inachus+limborgii	959.397
10	1300000	inachus+limborgii	737.517
10	1400000	inachus+limborgii	642.684
10	1500000	inachus+limborgii	516.874
10	1600000	inachus+limborgii	598.94
10	1700000	inachus+limborgii	532.807
10	1800000	inachus+limborgii	413.259
10	1900000	inachus+limborgii	401.901
10	2000000	inachus+limborgii	612.507
11	0	inachus+limborgii	278.625
11	100000	inachus+limborgii	699.947
11	200000	inachus+limborgii	638.58
11	300000	inachus+limborgii	732.054
11	400000	inachus+limborgii	522.945
11	500000	inachus+limborgii	413.819
11	600000	inachus+limborgii	770.64
11	700000	inachus+limborgii	553.735
11	800000	inachus+limborgii	988.739
11	900000	inachus+limborgii	872.399
11	1000000	inachus+limborgii	1352.57
11	1100000	inachus+limborgii	1279.29
11	1200000	inachus+limborgii	1249.3
11	1300000	inachus+limborgii	1127.28
11	1400000	inachus+limborgii	1634.12
11	1500000	inachus+limborgii	1114.49
11	1600000	inachus+limborgii	1261.47
11	1700000	inachus+limborgii	1054.19
11	1800000	inachus+limborgii	721.833
11	1900000	inachus+limborgii	756.964
11	2000000	inachus+limborgii	630.103
11	2100000	inachus+limborgii	996.571
11	2200000	inachus+limborgii	764.39
11	2300000	inachus+limborgii	497.127
11	2400000	inachus+limborgii	508.438
11	2500000	inachus+limborgii	491.371
11	2600000	inachus+limborgii	570.387
11	2700000	inachus+limborgii	608.748
11	2800000	inachus+limborgii	260.562
12	0	inachus+limborgii	739.415
12	100000	inachus+limborgii	555.701
12	200000	inachus+limborgii	699.669
12	300000	inachus+limborgii	389.991
12	400000	inachus+limborgii	527.747
12	500000	inachus+limborgii	519.749
12	600000	inachus+limborgii	689.622
12	700000	inachus+limborgii	474.749
12	800000	inachus+limborgii	884.308
12	900000	inachus+limborgii	1084.78
12	1000000	inachus+limborgii	918.487
12	1100000	inachus+limborgii	1179.09
12	1200000	inachus+limborgii	1119.18
12	1300000	inachus+limborgii	1295.21
12	1400000	inachus+limborgii	963.679
12	1500000	inachus+limborgii	519.118
12	1600000	inachus+limborgii	912.076
12	1700000	inachus+limborgii	921.527
12	1800000	inachus+limborgii	702.83
12	1900000	inachus+limborgii	845.623
12	2000000	inachus+limborgii	780.804
12	2100000	inachus+limborgii	912.602
12	2200000	inachus+limborgii	835.925
12	2300000	inachus+limborgii	395.91
12	2400000	inachus+limborgii	441.631
12	2500000	inachus+limborgii	785.878
12	2600000	inachus+limborgii	670.131
12	2700000	inachus+limborgii	425.582
13	0	inachus+limborgii	645.907
13	100000	inachus+limborgii	420.463
13	200000	inachus+limborgii	550.198
13	300000	inachus+limborgii	690.257
13	400000	inachus+limborgii	742.437
13	500000	inachus+limborgii	686.113
13	600000	inachus+limborgii	767.953
13	700000	inachus+limborgii	828.375
13	800000	inachus+limborgii	739.026
13	900000	inachus+limborgii	851.021
13	1000000	inachus+limborgii	1140.55
13	1100000	inachus+limborgii	789.052
13	1200000	inachus+limborgii	781.612
13	1300000	inachus+limborgii	1097.87
13	1400000	inachus+limborgii	1105.84
13	1500000	inachus+limborgii	940.811
13	1600000	inachus+limborgii	831.286
13	1700000	inachus+limborgii	889.893
13	1800000	inachus+limborgii	702.212
13	1900000	inachus+limborgii	580.861
13	2000000	inachus+limborgii	1207.24
13	2100000	inachus+limborgii	1283.04
13	2200000	inachus+limborgii	653.802
13	2300000	inachus+limborgii	1014.09
13	2400000	inachus+limborgii	607.772
13	2500000	inachus+limborgii	691.911
13	2600000	inachus+limborgii	557.065
13	2700000	inachus+limborgii	315.083
13	2800000	inachus+limborgii	363.284
13	2900000	inachus+limborgii	373.953
13	3000000	inachus+limborgii	550.357
13	3100000	inachus+limborgii	692.093
14	0	inachus+limborgii	607.656
14	100000	inachus+limborgii	833.037
14	200000	inachus+limborgii	515.962
14	300000	inachus+limborgii	418.126
14	400000	inachus+limborgii	448.345
14	500000	inachus+limborgii	270.636
14	600000	inachus+limborgii	622.966
14	700000	inachus+limborgii	525.763
14	800000	inachus+limborgii	1160.56
14	900000	inachus+limborgii	1074.56
14	1000000	inachus+limborgii	961.269
14	1100000	inachus+limborgii	1053.61
14	1200000	inachus+limborgii	860.789
14	1300000	inachus+limborgii	800.097
14	1400000	inachus+limborgii	746.798
14	1500000	inachus+limborgii	805.572
14	1600000	inachus+limborgii	892.98
14	1700000	inachus+limborgii	872.85
14	1800000	inachus+limborgii	1109.37
14	1900000	inachus+limborgii	860.999
14	2000000	inachus+limborgii	606.144
14	2100000	inachus+limborgii	485.614
14	2200000	inachus+limborgii	534.876
14	2300000	inachus+limborgii	741.874
14	2400000	inachus+limborgii	530.318
14	2500000	inachus+limborgii	505.23
14	2600000	inachus+limborgii	798.396
15	0	inachus+limborgii	501.897
15	100000	inachus+limborgii	856.753
15	200000	inachus+limborgii	610.248
15	300000	inachus+limborgii	808.015
15	400000	inachus+limborgii	709.606
15	500000	inachus+limborgii	690.373
15	600000	inachus+limborgii	734.239
15	700000	inachus+limborgii	633.858
15	800000	inachus+limborgii	981.043
15	900000	inachus+limborgii	816.143
15	1000000	inachus+limborgii	1081.48
15	1100000	inachus+limborgii	1090.4
15	1200000	inachus+limborgii	1161.13
15	1300000	inachus+limborgii	1022.27
15	1400000	inachus+limborgii	1248.94
15	1500000	inachus+limborgii	1218.48
15	1600000	inachus+limborgii	1141.63
15	1700000	inachus+limborgii	1036.76
15	1800000	inachus+limborgii	1141.91
15	1900000	inachus+limborgii	1572.15
15	2000000	inachus+limborgii	1352.99
15	2100000	inachus+limborgii	1187.46
15	2200000	inachus+limborgii	674.948
15	2300000	inachus+limborgii	1154.97
15	2400000	inachus+limborgii	617.354
15	2500000	inachus+limborgii	377.633
15	2600000	inachus+limborgii	577.796
15	2700000	inachus+limborgii	677.498
15	2800000	inachus+limborgii	514.215
15	2900000	inachus+limborgii	536.214
15	3000000	inachus+limborgii	546.726
15	3100000	inachus+limborgii	431.097
15	3200000	inachus+limborgii	587.205
15	3300000	inachus+limborgii	583.811
16	0	inachus+limborgii	521.274
16	100000	inachus+limborgii	347.169
16	200000	inachus+limborgii	633.401
16	300000	inachus+limborgii	655.231
16	400000	inachus+limborgii	530.266
16	500000	inachus+limborgii	481.473
16	600000	inachus+limborgii	510.477
16	700000	inachus+limborgii	644.754
16	800000	inachus+limborgii	855.175
16	900000	inachus+limborgii	762.129
16	1000000	inachus+limborgii	982.753
16	1100000	inachus+limborgii	1317.06
16	1200000	inachus+limborgii	1235.39
16	1300000	inachus+limborgii	883.434
16	1400000	inachus+limborgii	603.448
16	1500000	inachus+limborgii	1131.24
16	1600000	inachus+limborgii	636.024
16	1700000	inachus+limborgii	829.474
16	1800000	inachus+limborgii	819.983
16	1900000	inachus+limborgii	970.869
16	2000000	inachus+limborgii	705.722
16	2100000	inachus+limborgii	520.205
16	2200000	inachus+limborgii	621.996
16	2300000	inachus+limborgii	589.503
16	2400000	inachus+limborgii	767.973
16	2500000	inachus+limborgii	768.212
16	2600000	inachus+limborgii	582.902
16	2700000	inachus+limborgii	691.346
16	2800000	inachus+limborgii	542.729
17	0	inachus+limborgii	605.271
17	100000	inachus+limborgii	490.824
17	200000	inachus+limborgii	418.986
17	300000	inachus+limborgii	466.793
17	400000	inachus+limborgii	850.082
17	500000	inachus+limborgii	364.884
17	600000	inachus+limborgii	644.625
17	700000	inachus+limborgii	885.776
17	800000	inachus+limborgii	935.351
17	900000	inachus+limborgii	553.078
17	1000000	inachus+limborgii	1184.56
17	1100000	inachus+limborgii	1402.25
17	1200000	inachus+limborgii	936.291
17	1300000	inachus+limborgii	1024.4
17	1400000	inachus+limborgii	857.593
17	1500000	inachus+limborgii	1313.27
17	1600000	inachus+limborgii	1112.39
17	1700000	inachus+limborgii	1207.77
17	1800000	inachus+limborgii	1275.97
17	1900000	inachus+limborgii	1157.6
17	2000000	inachus+limborgii	716.71
17	2100000	inachus+limborgii	1050.04
17	2200000	inachus+limborgii	1015.77
17	2300000	inachus+limborgii	861.854
17	2400000	inachus+limborgii	936.317
17	2500000	inachus+limborgii	902.127
17	2600000	inachus+limborgii	844.419
17	2700000	inachus+limborgii	980.773
17	2800000	inachus+limborgii	1006.28
17	2900000	inachus+limborgii	697.108
17	3000000	inachus+limborgii	484.052
17	3100000	inachus+limborgii	606.51
17	3200000	inachus+limborgii	696.434
17	3300000	inachus+limborgii	474.12
17	3400000	inachus+limborgii	566.54
18	0	inachus+limborgii	453.183
18	100000	inachus+limborgii	421.177
18	200000	inachus+limborgii	636.976
18	300000	inachus+limborgii	302.361
18	400000	inachus+limborgii	334.376
18	500000	inachus+limborgii	443.998
18	600000	inachus+limborgii	351.096
18	700000	inachus+limborgii	241.859
18	800000	inachus+limborgii	496.472
18	900000	inachus+limborgii	253.167
18	1000000	inachus+limborgii	325.837
18	1100000	inachus+limborgii	387.652
19	0	inachus+limborgii	356.617
19	100000	inachus+limborgii	586.117
19	200000	inachus+limborgii	610.575
19	300000	inachus+limborgii	447.905
19	400000	inachus+limborgii	482.705
19	500000	inachus+limborgii	496.633
19	600000	inachus+limborgii	696.906
19	700000	inachus+limborgii	409.538
19	800000	inachus+limborgii	600.798
19	900000	inachus+limborgii	443.163
19	1000000	inachus+limborgii	476.317
19	1100000	inachus+limborgii	528.674
19	1200000	inachus+limborgii	662.924
19	1300000	inachus+limborgii	624.215
20	0	inachus+limborgii	549.2
20	100000	inachus+limborgii	516.277
20	200000	inachus+limborgii	505.179
20	300000	inachus+limborgii	483.425
20	400000	inachus+limborgii	522.151
20	500000	inachus+limborgii	500.526
20	600000	inachus+limborgii	586.884
20	700000	inachus+limborgii	631.736
20	800000	inachus+limborgii	411.237
20	900000	inachus+limborgii	422.615
20	1000000	inachus+limborgii	477.427
20	1100000	inachus+limborgii	794.005
20	1200000	inachus+limborgii	431.961
20	1300000	inachus+limborgii	583.531
20	1400000	inachus+limborgii	394.037
20	1500000	inachus+limborgii	388.167
20	1600000	inachus+limborgii	641.576
20	1700000	inachus+limborgii	410.427
20	1800000	inachus+limborgii	337.529
20	1900000	inachus+limborgii	424.7
20	2000000	inachus+limborgii	288.079
20	2100000	inachus+limborgii	401.113
20	2200000	inachus+limborgii	553.79
21	0	inachus+limborgii	424.152
21	100000	inachus+limborgii	467.974
21	200000	inachus+limborgii	528.01
21	300000	inachus+limborgii	583.259
21	400000	inachus+limborgii	536.694
21	500000	inachus+limborgii	576.049
21	600000	inachus+limborgii	301.702
21	700000	inachus+limborgii	448.308
21	800000	inachus+limborgii	988.153
21	900000	inachus+limborgii	747.341
21	1000000	inachus+limborgii	744.177
21	1100000	inachus+limborgii	829.787
21	1200000	inachus+limborgii	930.985
21	1300000	inachus+limborgii	720.226
21	1400000	inachus+limborgii	958.535
21	1500000	inachus+limborgii	859.468
21	1600000	inachus+limborgii	908.301
21	1700000	inachus+limborgii	897.34
21	1800000	inachus+limborgii	638.025
21	1900000	inachus+limborgii	624.214
21	2000000	inachus+limborgii	880.141
21	2100000	inachus+limborgii	831.767
21	2200000	inachus+limborgii	785.067
21	2300000	inachus+limborgii	669.956
21	2400000	inachus+limborgii	555.032
22	0	inachus+limborgii	476.637
22	100000	inachus+limborgii	420.218
22	200000	inachus+limborgii	610.517
22	300000	inachus+limborgii	602.494
22	400000	inachus+limborgii	683.457
22	500000	inachus+limborgii	896.273
22	600000	inachus+limborgii	630.483
22	700000	inachus+limborgii	1193.47
22	800000	inachus+limborgii	1379.11
22	900000	inachus+limborgii	1301.3
22	1000000	inachus+limborgii	813.194
22	1100000	inachus+limborgii	1242.84
22	1200000	inachus+limborgii	952.508
22	1300000	inachus+limborgii	757.062
22	1400000	inachus+limborgii	796.754
22	1500000	inachus+limborgii	1042.72
22	1600000	inachus+limborgii	1175.39
22	1700000	inachus+limborgii	1295.94
22	1800000	inachus+limborgii	1212.62
22	1900000	inachus+limborgii	988.074
22	2000000	inachus+limborgii	1151.81
22	2100000	inachus+limborgii	847.8
22	2200000	inachus+limborgii	854.777
22	2300000	inachus+limborgii	1382.18
22	2400000	inachus+limborgii	781.946
22	2500000	inachus+limborgii	574.313
22	2600000	inachus+limborgii	311.207
22	2700000	inachus+limborgii	461.905
22	2800000	inachus+limborgii	705.468
22	2900000	inachus+limborgii	1136.79
22	3000000	inachus+limborgii	792.734
22	3100000	inachus+limborgii	856.822
23	0	inachus+limborgii	762.993
23	100000	inachus+limborgii	871.568
23	200000	inachus+limborgii	825.654
23	300000	inachus+limborgii	391.688
23	400000	inachus+limborgii	597.309
23	500000	inachus+limborgii	614.836
23	600000	inachus+limborgii	771.509
23	700000	inachus+limborgii	741.674
23	800000	inachus+limborgii	620.138
23	900000	inachus+limborgii	758.714
23	1000000	inachus+limborgii	1188.16
23	1100000	inachus+limborgii	1525.82
23	1200000	inachus+limborgii	718.949
23	1300000	inachus+limborgii	1693.96
23	1400000	inachus+limborgii	1467.8
23	1500000	inachus+limborgii	956.475
23	1600000	inachus+limborgii	1154.67
23	1700000	inachus+limborgii	1329.38
23	1800000	inachus+limborgii	1102.92
23	1900000	inachus+limborgii	740.667
23	2000000	inachus+limborgii	854.07
23	2100000	inachus+limborgii	799.45
23	2200000	inachus+limborgii	582.059
23	2300000	inachus+limborgii	352.669
23	2400000	inachus+limborgii	543.609
23	2500000	inachus+limborgii	645.638
23	2600000	inachus+limborgii	952.604
23	2700000	inachus+limborgii	743.095
23	2800000	inachus+limborgii	536.687
23	2900000	inachus+limborgii	400.127
23	3000000	inachus+limborgii	561.227
24	0	inachus+limborgii	660.205
24	100000	inachus+limborgii	746.619
24	200000	inachus+limborgii	611.318
24	300000	inachus+limborgii	679.275
24	400000	inachus+limborgii	605.903
24	500000	inachus+limborgii	372.779
24	600000	inachus+limborgii	478.706
24	700000	inachus+limborgii	656.27
24	800000	inachus+limborgii	920.591
24	900000	inachus+limborgii	1178.66
24	1000000	inachus+limborgii	1223.92
24	1100000	inachus+limborgii	604.827
24	1200000	inachus+limborgii	864.971
24	1300000	inachus+limborgii	1050.93
24	1400000	inachus+limborgii	1095.2
24	1500000	inachus+limborgii	1022.55
24	1600000	inachus+limborgii	522.511
24	1700000	inachus+limborgii	1570.9
24	1800000	inachus+limborgii	958.305
24	1900000	inachus+limborgii	867.867
24	2000000	inachus+limborgii	1135.74
24	2100000	inachus+limborgii	319.35
24	2200000	inachus+limborgii	758.581
24	2300000	inachus+limborgii	759.729
24	2400000	inachus+limborgii	471.388
24	2500000	inachus+limborgii	410.513
24	2600000	inachus+limborgii	606.75
24	2700000	inachus+limborgii	582.728
24	2800000	inachus+limborgii	615.466
24	2900000	inachus+limborgii	589.998
24	3000000	inachus+limborgii	608.377
25	0	inachus+limborgii	403.481
25	100000	inachus+limborgii	679.277
25	200000	inachus+limborgii	914.416
25	300000	inachus+limborgii	881.226
25	400000	inachus+limborgii	865.712
25	500000	inachus+limborgii	721.019
25	600000	inachus+limborgii	1016.28
25	700000	inachus+limborgii	472.52
25	800000	inachus+limborgii	858.209
25	900000	inachus+limborgii	1148.29
25	1000000	inachus+limborgii	1060.96
25	1100000	inachus+limborgii	805.17
25	1200000	inachus+limborgii	1214.37
25	1300000	inachus+limborgii	1274.11
25	1400000	inachus+limborgii	995.46
25	1500000	inachus+limborgii	1316.86
25	1600000	inachus+limborgii	1369.01
25	1700000	inachus+limborgii	1229.05
25	1800000	inachus+limborgii	1103.81
25	1900000	inachus+limborgii	1243.26
25	2000000	inachus+limborgii	1132.48
25	2100000	inachus+limborgii	1389.48
25	2200000	inachus+limborgii	764.827
25	2300000	inachus+limborgii	1033.81
25	2400000	inachus+limborgii	789.361
25	2500000	inachus+limborgii	703.039
25	2600000	inachus+limborgii	897.297
25	2700000	inachus+limborgii	764.147
25	2800000	inachus+limborgii	627.895
25	2900000	inachus+limborgii	714.349
25	3000000	inachus+limborgii	658.931
25	3100000	inachus+limborgii	678.023
25	3200000	inachus+limborgii	762.506
26	0	inachus+limborgii	542.676
26	100000	inachus+limborgii	557.516
26	200000	inachus+limborgii	304.386
26	300000	inachus+limborgii	676.893
26	400000	inachus+limborgii	524.806
26	500000	inachus+limborgii	599.925
26	600000	inachus+limborgii	747.953
26	700000	inachus+limborgii	784.522
26	800000	inachus+limborgii	410.071
26	900000	inachus+limborgii	1077.79
26	1000000	inachus+limborgii	829.555
26	1100000	inachus+limborgii	782.649
26	1200000	inachus+limborgii	912.501
26	1300000	inachus+limborgii	1323.8
26	1400000	inachus+limborgii	1210.73
26	1500000	inachus+limborgii	1064.84
26	1600000	inachus+limborgii	854.905
26	1700000	inachus+limborgii	1029.72
26	1800000	inachus+limborgii	1050.11
26	1900000	inachus+limborgii	758.885
26	2000000	inachus+limborgii	508.898
26	2100000	inachus+limborgii	919.213
26	2200000	inachus+limborgii	579.311
26	2300000	inachus+limborgii	886.04
26	2400000	inachus+limborgii	737.361
26	2500000	inachus+limborgii	553.113
26	2600000	inachus+limborgii	414.582
26	2700000	inachus+limborgii	456.012
26	2800000	inachus+limborgii	388.12
26	2900000	inachus+limborgii	463.063
27	0	inachus+limborgii	749.25
27	100000	inachus+limborgii	666.568
27	200000	inachus+limborgii	720.856
27	300000	inachus+limborgii	1088.45
27	400000	inachus+limborgii	679.951
27	500000	inachus+limborgii	713.123
27	600000	inachus+limborgii	885.099
27	700000	inachus+limborgii	551.245
27	800000	inachus+limborgii	704.718
27	900000	inachus+limborgii	1322.17
27	1000000	inachus+limborgii	1115.88
27	1100000	inachus+limborgii	1128.96
27	1200000	inachus+limborgii	1093.05
27	1300000	inachus+limborgii	1408.28
27	1400000	inachus+limborgii	1119.63
27	1500000	inachus+limborgii	1276.37
27	1600000	inachus+limborgii	1411.18
27	1700000	inachus+limborgii	1142.44
27	1800000	inachus+limborgii	1062.66
27	1900000	inachus+limborgii	1157.73
27	2000000	inachus+limborgii	1079.52
27	2100000	inachus+limborgii	1373.81
27	2200000	inachus+limborgii	1207.56
27	2300000	inachus+limborgii	1293.76
27	2400000	inachus+limborgii	1169.29
27	2500000	inachus+limborgii	776.759
27	2600000	inachus+limborgii	759.677
27	2700000	inachus+limborgii	417.901
27	2800000	inachus+limborgii	681.89
27	2900000	inachus+limborgii	600.504
27	3000000	inachus+limborgii	783.108
27	3100000	inachus+limborgii	1046.73
27	3200000	inachus+limborgii	533.345
27	3300000	inachus+limborgii	628.419
27	3400000	inachus+limborgii	440.4
28	0	inachus+limborgii	782.288
28	100000	inachus+limborgii	567.527
28	200000	inachus+limborgii	620.09
28	300000	inachus+limborgii	435.97
28	400000	inachus+limborgii	673.691
28	500000	inachus+limborgii	466.453
28	600000	inachus+limborgii	433.161
28	700000	inachus+limborgii	954.556
28	800000	inachus+limborgii	525.904
28	900000	inachus+limborgii	528.351
28	1000000	inachus+limborgii	756.799
28	1100000	inachus+limborgii	317.124
28	1200000	inachus+limborgii	601.649
28	1300000	inachus+limborgii	635.889
28	1400000	inachus+limborgii	1078.66
28	1500000	inachus+limborgii	914.951
28	1600000	inachus+limborgii	966.122
28	1700000	inachus+limborgii	750.334
28	1800000	inachus+limborgii	1322.55
28	1900000	inachus+limborgii	1025.07
28	2000000	inachus+limborgii	1318.08
28	2100000	inachus+limborgii	1366.97
28	2200000	inachus+limborgii	923.99
28	2300000	inachus+limborgii	518.761
28	2400000	inachus+limborgii	878.388
28	2500000	inachus+limborgii	665.076
28	2600000	inachus+limborgii	357.031
28	2700000	inachus+limborgii	547.442
28	2800000	inachus+limborgii	799.452
28	2900000	inachus+limborgii	538.453
28	3000000	inachus+limborgii	410.889
28	3100000	inachus+limborgii	436.601
29	0	inachus+limborgii	784.414
29	100000	inachus+limborgii	396.677
29	200000	inachus+limborgii	554.487
29	300000	inachus+limborgii	532.467
29	400000	inachus+limborgii	684.273
29	500000	inachus+limborgii	562.772
29	600000	inachus+limborgii	703.934
29	700000	inachus+limborgii	573.447
29	800000	inachus+limborgii	627.839
29	900000	inachus+limborgii	795.997
29	1000000	inachus+limborgii	678.828
29	1100000	inachus+limborgii	597.967
29	1200000	inachus+limborgii	654.587
29	1300000	inachus+limborgii	613.969
29	1400000	inachus+limborgii	763.757
29	1500000	inachus+limborgii	624.729
29	1600000	inachus+limborgii	724.67
29	1700000	inachus+limborgii	565.129
29	1800000	inachus+limborgii	402.683
30	0	inachus+limborgii	299.14
30	100000	inachus+limborgii	612.635
30	200000	inachus+limborgii	505.624
30	300000	inachus+limborgii	567.98
30	400000	inachus+limborgii	234.119
30	500000	inachus+limborgii	703.747
30	600000	inachus+limborgii	591.416
30	700000	inachus+limborgii	581.385
30	800000	inachus+limborgii	691.193
30	900000	inachus+limborgii	714.551
30	1000000	inachus+limborgii	676.365
30	1100000	inachus+limborgii	753.447
30	1200000	inachus+limborgii	718.94
30	1300000	inachus+limborgii	959.972
30	1400000	inachus+limborgii	723.05
30	1500000	inachus+limborgii	376.627
30	1600000	inachus+limborgii	343.892
30	1700000	inachus+limborgii	303.192
30	1800000	inachus+limborgii	632.269
30	1900000	inachus+limborgii	487.969
30	2000000	inachus+limborgii	491.003
31	0	inachus+limborgii	847.527
31	100000	inachus+limborgii	534.919
31	200000	inachus+limborgii	702.801
31	300000	inachus+limborgii	570.695
31	400000	inachus+limborgii	405.035
31	500000	inachus+limborgii	541.845
31	600000	inachus+limborgii	648.217
31	700000	inachus+limborgii	834.213
31	800000	inachus+limborgii	1141.63
31	900000	inachus+limborgii	901.181
31	1000000	inachus+limborgii	1007.84
31	1100000	inachus+limborgii	1014.92
31	1200000	inachus+limborgii	1220.54
31	1300000	inachus+limborgii	943.737
31	1400000	inachus+limborgii	1250
31	1500000	inachus+limborgii	1241.41
31	1600000	inachus+limborgii	1157.08
31	1700000	inachus+limborgii	943.931
31	1800000	inachus+limborgii	870.19
31	1900000	inachus+limborgii	1019.29
31	2000000	inachus+limborgii	1216.57
31	2100000	inachus+limborgii	1124.79
31	2200000	inachus+limborgii	613.053
31	2300000	inachus+limborgii	689.719
31	2400000	inachus+limborgii	750.432
31	2500000	inachus+limborgii	841.916
31	2600000	inachus+limborgii	604.277
31	2700000	inachus+limborgii	322.547
31	2800000	inachus+limborgii	444.223
31	2900000	inachus+limborgii	522.786
31	3000000	inachus+limborgii	584.259
32	0	inachus+limborgii	260.565
32	100000	inachus+limborgii	186.397
32	200000	inachus+limborgii	209.524